"participant.id_in_session","condition","session_id","subsession.round_number","participant_number","item_number","answers","target","network_size","Answers_clean"
1,"random","48b9jmgp",3,"p1","reordered_keywords_1","tie",0,12,"tie"
1,"random","48b9jmgp",3,"p1","reordered_keywords_2","apple",0,12,"apple"
1,"random","48b9jmgp",3,"p1","reordered_keywords_3","flag",1,12,"flag"
1,"random","48b9jmgp",3,"p1","reordered_keywords_4","antennae",1,12,"antenna"
1,"random","48b9jmgp",3,"p1","reordered_keywords_5","hourglass",0,12,"hourglass"
1,"random","48b9jmgp",4,"p1","reordered_keywords_1","tie",0,12,"tie"
1,"random","48b9jmgp",4,"p1","reordered_keywords_2","apple",0,12,"apple"
1,"random","48b9jmgp",4,"p1","reordered_keywords_3","boomerang",0,12,"boomerang"
1,"random","48b9jmgp",4,"p1","reordered_keywords_4","antennae",1,12,"antenna"
1,"random","48b9jmgp",4,"p1","reordered_keywords_5","hourglass",0,12,"hourglass"
1,"random","48b9jmgp",10,"p1","reordered_keywords_1","tie",0,12,"tie"
1,"random","48b9jmgp",10,"p1","reordered_keywords_2","apple",0,12,"apple"
1,"random","48b9jmgp",10,"p1","reordered_keywords_3","boomerang",0,12,"boomerang"
1,"random","48b9jmgp",10,"p1","reordered_keywords_4","plants",0,12,"plant"
1,"random","48b9jmgp",10,"p1","reordered_keywords_5","hourglass",0,12,"hourglass"
2,"ws","9caxmijh",5,"p10","reordered_keywords_1","shield",1,12,"shield"
2,"ws","9caxmijh",5,"p10","reordered_keywords_2","angel",1,12,"angel"
2,"ws","9caxmijh",5,"p10","reordered_keywords_3","flag",1,12,"flag"
2,"ws","9caxmijh",5,"p10","reordered_keywords_4","antennae",1,12,"antenna"
2,"ws","9caxmijh",5,"p10","reordered_keywords_5","apron",1,12,"apron"
2,"ws","9caxmijh",10,"p10","reordered_keywords_1","shield",1,12,"shield"
2,"ws","9caxmijh",10,"p10","reordered_keywords_2","angel",1,12,"angel"
2,"ws","9caxmijh",10,"p10","reordered_keywords_3","flag",1,12,"flag"
2,"ws","9caxmijh",10,"p10","reordered_keywords_4","antennae",1,12,"antenna"
2,"ws","9caxmijh",10,"p10","reordered_keywords_5","apron",1,12,"apron"
10,"random","fq1gn8j7",5,"p100","reordered_keywords_1","shield",1,24,"shield"
10,"random","fq1gn8j7",5,"p100","reordered_keywords_4","nose plug",0,24,"nose plug"
10,"random","fq1gn8j7",9,"p100","reordered_keywords_1","shield",1,24,"shield"
10,"random","fq1gn8j7",9,"p100","reordered_keywords_4","noseplug",0,24,"nose plug"
11,"random","fq1gn8j7",5,"p101","reordered_keywords_1","shield",1,24,"shield"
11,"random","fq1gn8j7",5,"p101","reordered_keywords_4","antennae",1,24,"antenna"
11,"random","fq1gn8j7",6,"p101","reordered_keywords_1","shield",1,24,"shield"
11,"random","fq1gn8j7",6,"p101","reordered_keywords_4","antennae",1,24,"antenna"
11,"random","fq1gn8j7",9,"p101","reordered_keywords_1","shield",1,24,"shield"
11,"random","fq1gn8j7",9,"p101","reordered_keywords_4","antennae",1,24,"antenna"
13,"random","fq1gn8j7",7,"p102","reordered_keywords_1","shield",1,24,"shield"
13,"random","fq1gn8j7",7,"p102","reordered_keywords_4","antennae",1,24,"antenna"
13,"random","fq1gn8j7",9,"p102","reordered_keywords_1","shield",1,24,"shield"
13,"random","fq1gn8j7",9,"p102","reordered_keywords_4","antennae",1,24,"antenna"
14,"random","fq1gn8j7",7,"p103","reordered_keywords_1","shield",1,24,"shield"
14,"random","fq1gn8j7",7,"p103","reordered_keywords_4","antennae",1,24,"antenna"
14,"random","fq1gn8j7",9,"p103","reordered_keywords_1","like a demon skeleton if you ask me",0,24,"demon skeleton ask"
14,"random","fq1gn8j7",9,"p103","reordered_keywords_4","antennae",1,24,"antenna"
15,"random","fq1gn8j7",4,"p104","reordered_keywords_4","antennae",1,24,"antenna"
15,"random","fq1gn8j7",6,"p104","reordered_keywords_1","shield",1,24,"shield"
15,"random","fq1gn8j7",6,"p104","reordered_keywords_4","antennae",1,24,"antenna"
15,"random","fq1gn8j7",9,"p104","reordered_keywords_1","hammer",0,24,"hammer"
15,"random","fq1gn8j7",9,"p104","reordered_keywords_4","nose plug",0,24,"nose plug"
16,"random","fq1gn8j7",9,"p105","reordered_keywords_1","shield",1,24,"shield"
16,"random","fq1gn8j7",9,"p105","reordered_keywords_4","antennae",1,24,"antenna"
17,"random","fq1gn8j7",6,"p106","reordered_keywords_1","shield",1,24,"shield"
17,"random","fq1gn8j7",6,"p106","reordered_keywords_4","antennae",1,24,"antenna"
17,"random","fq1gn8j7",9,"p106","reordered_keywords_1","shield",1,24,"shield"
17,"random","fq1gn8j7",9,"p106","reordered_keywords_4","antennae",1,24,"antenna"
18,"random","fq1gn8j7",9,"p107","reordered_keywords_1","cell",0,24,"cell"
18,"random","fq1gn8j7",9,"p107","reordered_keywords_4","bee",0,24,"bee"
1,"random","pqesetud",2,"p108","reordered_keywords_1","shield",1,24,"shield"
1,"random","pqesetud",2,"p108","reordered_keywords_4","horse",0,24,"horse"
1,"random","pqesetud",4,"p108","reordered_keywords_1","shield",1,24,"shield"
1,"random","pqesetud",4,"p108","reordered_keywords_4","horseshoe",0,24,"horseshoe"
1,"random","pqesetud",9,"p108","reordered_keywords_1","shield",1,24,"shield"
1,"random","pqesetud",9,"p108","reordered_keywords_4","antennae",1,24,"antenna"
2,"random","pqesetud",3,"p109","reordered_keywords_1","pointy club",0,24,"pointy club"
2,"random","pqesetud",3,"p109","reordered_keywords_4","u shape",0,24,"u shape"
2,"random","pqesetud",6,"p109","reordered_keywords_1","dragon",0,24,"dragon"
2,"random","pqesetud",6,"p109","reordered_keywords_4","antennae",1,24,"antenna"
2,"random","pqesetud",9,"p109","reordered_keywords_1","club",0,24,"club"
2,"random","pqesetud",9,"p109","reordered_keywords_4","antennae",1,24,"antenna"
2,"ws","hg739rpo",5,"p11","reordered_keywords_1","shield",1,12,"shield"
2,"ws","hg739rpo",5,"p11","reordered_keywords_2","angel",1,12,"angel"
2,"ws","hg739rpo",5,"p11","reordered_keywords_3","flag",1,12,"flag"
2,"ws","hg739rpo",5,"p11","reordered_keywords_4","antennae",1,12,"antenna"
2,"ws","hg739rpo",5,"p11","reordered_keywords_5","apron",1,12,"apron"
2,"ws","hg739rpo",10,"p11","reordered_keywords_1","shield",1,12,"shield"
2,"ws","hg739rpo",10,"p11","reordered_keywords_2","angel",1,12,"angel"
2,"ws","hg739rpo",10,"p11","reordered_keywords_3","flag",1,12,"flag"
2,"ws","hg739rpo",10,"p11","reordered_keywords_4","antennae",1,12,"antenna"
2,"ws","hg739rpo",10,"p11","reordered_keywords_5","apron",1,12,"apron"
3,"random","pqesetud",4,"p110","reordered_keywords_1","shield",1,24,"shield"
3,"random","pqesetud",4,"p110","reordered_keywords_4","slug",0,24,"slug"
4,"random","pqesetud",3,"p111","reordered_keywords_1","shield",1,24,"shield"
4,"random","pqesetud",3,"p111","reordered_keywords_4","horse shoe",0,24,"horse shoe"
4,"random","pqesetud",4,"p111","reordered_keywords_1","shield",1,24,"shield"
4,"random","pqesetud",4,"p111","reordered_keywords_4","horse shoe",0,24,"horse shoe"
4,"random","pqesetud",9,"p111","reordered_keywords_1","shield",1,24,"shield"
4,"random","pqesetud",9,"p111","reordered_keywords_4","horse shoe",0,24,"horse shoe"
5,"random","pqesetud",2,"p112","reordered_keywords_1","holly",0,24,"holly"
5,"random","pqesetud",2,"p112","reordered_keywords_4","antennae",1,24,"antenna"
5,"random","pqesetud",3,"p112","reordered_keywords_1","holly",0,24,"holly"
5,"random","pqesetud",3,"p112","reordered_keywords_4","antennae",1,24,"antenna"
5,"random","pqesetud",4,"p112","reordered_keywords_1","holly",0,24,"holly"
5,"random","pqesetud",4,"p112","reordered_keywords_4","snail",0,24,"snail"
5,"random","pqesetud",9,"p112","reordered_keywords_1","holly",0,24,"holly"
5,"random","pqesetud",9,"p112","reordered_keywords_4","snail",0,24,"snail"
6,"random","pqesetud",7,"p113","reordered_keywords_1","shield",1,24,"shield"
6,"random","pqesetud",7,"p113","reordered_keywords_4","antennae",1,24,"antenna"
6,"random","pqesetud",8,"p113","reordered_keywords_1","shield",1,24,"shield"
6,"random","pqesetud",8,"p113","reordered_keywords_4","antennae",1,24,"antenna"
6,"random","pqesetud",9,"p113","reordered_keywords_1","shield",1,24,"shield"
6,"random","pqesetud",9,"p113","reordered_keywords_4","antennae",1,24,"antenna"
7,"random","pqesetud",4,"p114","reordered_keywords_1","like a sea star",0,24,"sea star"
7,"random","pqesetud",4,"p114","reordered_keywords_4","swans",0,24,"swan"
7,"random","pqesetud",6,"p114","reordered_keywords_1","a star sea star",0,24,"star sea star"
7,"random","pqesetud",6,"p114","reordered_keywords_4","a heart",0,24,"heart"
7,"random","pqesetud",9,"p114","reordered_keywords_1","sea star",0,24,"sea star"
7,"random","pqesetud",9,"p114","reordered_keywords_4","heart",0,24,"heart"
8,"random","pqesetud",6,"p115","reordered_keywords_1","giraffe",0,24,"giraffe"
8,"random","pqesetud",6,"p115","reordered_keywords_4","snail",0,24,"snail"
8,"random","pqesetud",7,"p115","reordered_keywords_1","shield",1,24,"shield"
8,"random","pqesetud",7,"p115","reordered_keywords_4","antennae",1,24,"antenna"
8,"random","pqesetud",9,"p115","reordered_keywords_1","shield",1,24,"shield"
8,"random","pqesetud",9,"p115","reordered_keywords_4","antennae",1,24,"antenna"
9,"random","pqesetud",5,"p116","reordered_keywords_1","shield",1,24,"shield"
9,"random","pqesetud",5,"p116","reordered_keywords_4","antennae",1,24,"antenna"
9,"random","pqesetud",9,"p116","reordered_keywords_1","shield",1,24,"shield"
9,"random","pqesetud",9,"p116","reordered_keywords_4","antennae",1,24,"antenna"
10,"random","pqesetud",2,"p117","reordered_keywords_4","antennae",1,24,"antenna"
10,"random","pqesetud",5,"p117","reordered_keywords_1","shield",1,24,"shield"
10,"random","pqesetud",5,"p117","reordered_keywords_4","antennae",1,24,"antenna"
10,"random","pqesetud",9,"p117","reordered_keywords_1","shield",1,24,"shield"
10,"random","pqesetud",9,"p117","reordered_keywords_4","antennae",1,24,"antenna"
11,"random","pqesetud",6,"p118","reordered_keywords_1","shield",1,24,"shield"
11,"random","pqesetud",6,"p118","reordered_keywords_4","antennae",1,24,"antenna"
11,"random","pqesetud",9,"p118","reordered_keywords_1","shield",1,24,"shield"
11,"random","pqesetud",9,"p118","reordered_keywords_4","antennae",1,24,"antenna"
12,"random","pqesetud",9,"p119","reordered_keywords_1","shield",1,24,"shield"
12,"random","pqesetud",9,"p119","reordered_keywords_4","swans neck curling",0,24,"swan neck curl"
2,"ws","j8urhz5m",5,"p12","reordered_keywords_1","shield",1,12,"shield"
2,"ws","j8urhz5m",5,"p12","reordered_keywords_2","angel",1,12,"angel"
2,"ws","j8urhz5m",5,"p12","reordered_keywords_3","flag",1,12,"flag"
2,"ws","j8urhz5m",5,"p12","reordered_keywords_4","antennae",1,12,"antenna"
2,"ws","j8urhz5m",5,"p12","reordered_keywords_5","apron",1,12,"apron"
2,"ws","j8urhz5m",10,"p12","reordered_keywords_1","shield",1,12,"shield"
2,"ws","j8urhz5m",10,"p12","reordered_keywords_2","angel",1,12,"angel"
2,"ws","j8urhz5m",10,"p12","reordered_keywords_3","flag",1,12,"flag"
2,"ws","j8urhz5m",10,"p12","reordered_keywords_4","antennae",1,12,"antenna"
2,"ws","j8urhz5m",10,"p12","reordered_keywords_5","apron",1,12,"apron"
13,"random","pqesetud",7,"p120","reordered_keywords_1","holly leaf",0,24,"holly leaf"
13,"random","pqesetud",7,"p120","reordered_keywords_4","antennae",1,24,"antenna"
13,"random","pqesetud",9,"p120","reordered_keywords_1","hairbrush",0,24,"hairbrush"
13,"random","pqesetud",9,"p120","reordered_keywords_4","horseshoe",0,24,"horseshoe"
14,"random","pqesetud",7,"p121","reordered_keywords_1","shield",1,24,"shield"
14,"random","pqesetud",7,"p121","reordered_keywords_4","antennae",1,24,"antenna"
14,"random","pqesetud",9,"p121","reordered_keywords_1","shield",1,24,"shield"
14,"random","pqesetud",9,"p121","reordered_keywords_4","antennae",1,24,"antenna"
15,"random","pqesetud",4,"p122","reordered_keywords_1","holly leaf",0,24,"holly leaf"
15,"random","pqesetud",4,"p122","reordered_keywords_4","holly leaf",0,24,"holly leaf"
15,"random","pqesetud",6,"p122","reordered_keywords_1","shield",1,24,"shield"
15,"random","pqesetud",6,"p122","reordered_keywords_4","antennae",1,24,"antenna"
15,"random","pqesetud",9,"p122","reordered_keywords_1","shield",1,24,"shield"
15,"random","pqesetud",9,"p122","reordered_keywords_4","antennae",1,24,"antenna"
16,"random","pqesetud",9,"p123","reordered_keywords_1","holly-leaf",0,24,"hollyleaf"
16,"random","pqesetud",9,"p123","reordered_keywords_4","antennae",1,24,"antenna"
17,"random","pqesetud",9,"p124","reordered_keywords_1","shield",1,24,"shield"
17,"random","pqesetud",9,"p124","reordered_keywords_4","antennae",1,24,"antenna"
18,"random","pqesetud",9,"p125","reordered_keywords_1","giraffe head",0,24,"giraffe"
18,"random","pqesetud",9,"p125","reordered_keywords_4","antennae",1,24,"antenna"
19,"random","pqesetud",5,"p126","reordered_keywords_1","shield",1,24,"shield"
19,"random","pqesetud",5,"p126","reordered_keywords_4","antennae",1,24,"antenna"
19,"random","pqesetud",9,"p126","reordered_keywords_1","shield",1,24,"shield"
19,"random","pqesetud",9,"p126","reordered_keywords_4","antennae",1,24,"antenna"
2,"random","jdf4sgo1",5,"p13","reordered_keywords_1","dragon",0,12,"dragon"
2,"random","jdf4sgo1",5,"p13","reordered_keywords_2","angel",1,12,"angel"
2,"random","jdf4sgo1",5,"p13","reordered_keywords_3","flag",1,12,"flag"
2,"random","jdf4sgo1",5,"p13","reordered_keywords_4","bug",0,12,"bug"
2,"random","jdf4sgo1",5,"p13","reordered_keywords_5","apron",1,12,"apron"
2,"random","jdf4sgo1",10,"p13","reordered_keywords_1","dragon",0,12,"dragon"
2,"random","jdf4sgo1",10,"p13","reordered_keywords_2","angel",1,12,"angel"
2,"random","jdf4sgo1",10,"p13","reordered_keywords_3","flag",1,12,"flag"
2,"random","jdf4sgo1",10,"p13","reordered_keywords_4","swan",0,12,"swan"
2,"random","jdf4sgo1",10,"p13","reordered_keywords_5","apron",1,12,"apron"
2,"random","ot0ui8sk",5,"p14","reordered_keywords_1","shield",1,12,"shield"
2,"random","ot0ui8sk",5,"p14","reordered_keywords_4","antennae",1,12,"antenna"
2,"random","ot0ui8sk",5,"p14","reordered_keywords_5","apron",1,12,"apron"
2,"random","ot0ui8sk",10,"p14","reordered_keywords_1","shield",1,12,"shield"
2,"random","ot0ui8sk",10,"p14","reordered_keywords_2","horse",0,12,"horse"
2,"random","ot0ui8sk",10,"p14","reordered_keywords_3","knife",0,12,"knife"
2,"random","ot0ui8sk",10,"p14","reordered_keywords_4","anchor",0,12,"anchor"
2,"random","ot0ui8sk",10,"p14","reordered_keywords_5","apron",1,12,"apron"
2,"random","sdth5ohy",5,"p15","reordered_keywords_1","tree",0,12,"tree"
2,"random","sdth5ohy",5,"p15","reordered_keywords_2","curve",0,12,"curve"
2,"random","sdth5ohy",5,"p15","reordered_keywords_3","flag",1,12,"flag"
2,"random","sdth5ohy",5,"p15","reordered_keywords_4","antennae",1,12,"antenna"
2,"random","sdth5ohy",5,"p15","reordered_keywords_5","apron",1,12,"apron"
2,"random","sdth5ohy",10,"p15","reordered_keywords_1","shield",1,12,"shield"
2,"random","sdth5ohy",10,"p15","reordered_keywords_2","angel",1,12,"angel"
2,"random","sdth5ohy",10,"p15","reordered_keywords_3","flag",1,12,"flag"
2,"random","sdth5ohy",10,"p15","reordered_keywords_4","antennae",1,12,"antenna"
2,"random","sdth5ohy",10,"p15","reordered_keywords_5","apron",1,12,"apron"
2,"ws","slpk75c0",5,"p16","reordered_keywords_1","shield",1,12,"shield"
2,"ws","slpk75c0",5,"p16","reordered_keywords_2","head",0,12,"head"
2,"ws","slpk75c0",5,"p16","reordered_keywords_3","scythe",0,12,"scythe"
2,"ws","slpk75c0",5,"p16","reordered_keywords_4","bug",0,12,"bug"
2,"ws","slpk75c0",5,"p16","reordered_keywords_5","timer",0,12,"timer"
2,"ws","slpk75c0",10,"p16","reordered_keywords_1","shield",1,12,"shield"
2,"ws","slpk75c0",10,"p16","reordered_keywords_2","clip",0,12,"clip"
2,"ws","slpk75c0",10,"p16","reordered_keywords_3","beak",0,12,"beak"
2,"ws","slpk75c0",10,"p16","reordered_keywords_4","antennae",1,12,"antenna"
2,"ws","slpk75c0",10,"p16","reordered_keywords_5","apron",1,12,"apron"
3,"random","48b9jmgp",5,"p17","reordered_keywords_1","giraffe",0,12,"giraffe"
3,"random","48b9jmgp",5,"p17","reordered_keywords_2","elephant",0,12,"elephant"
3,"random","48b9jmgp",5,"p17","reordered_keywords_3","scythe",0,12,"scythe"
3,"random","48b9jmgp",5,"p17","reordered_keywords_4","worms",0,12,"worm"
3,"random","48b9jmgp",5,"p17","reordered_keywords_5","triangles",0,12,"triangle"
3,"random","48b9jmgp",10,"p17","reordered_keywords_1","giraffe",0,12,"giraffe"
3,"random","48b9jmgp",10,"p17","reordered_keywords_2","fairy",0,12,"fairy"
3,"random","48b9jmgp",10,"p17","reordered_keywords_3","scythe",0,12,"scythe"
3,"random","48b9jmgp",10,"p17","reordered_keywords_4","worms",0,12,"worm"
3,"random","48b9jmgp",10,"p17","reordered_keywords_5","hourglass",0,12,"hourglass"
3,"ws","9caxmijh",6,"p18","reordered_keywords_1","blade",0,12,"blade"
3,"ws","9caxmijh",6,"p18","reordered_keywords_2","angel",1,12,"angel"
3,"ws","9caxmijh",6,"p18","reordered_keywords_3","blade",0,12,"blade"
3,"ws","9caxmijh",6,"p18","reordered_keywords_4","antennae",1,12,"antenna"
3,"ws","9caxmijh",6,"p18","reordered_keywords_5","apron",1,12,"apron"
3,"ws","9caxmijh",10,"p18","reordered_keywords_1","bird",0,12,"bird"
3,"ws","9caxmijh",10,"p18","reordered_keywords_2","angel",1,12,"angel"
3,"ws","9caxmijh",10,"p18","reordered_keywords_3","scythe",0,12,"scythe"
3,"ws","9caxmijh",10,"p18","reordered_keywords_4","splash",0,12,"splash"
3,"ws","9caxmijh",10,"p18","reordered_keywords_5","hourglass",0,12,"hourglass"
3,"ws","hg739rpo",6,"p19","reordered_keywords_1","shield",1,12,"shield"
3,"ws","hg739rpo",6,"p19","reordered_keywords_2","angel",1,12,"angel"
3,"ws","hg739rpo",6,"p19","reordered_keywords_3","flag",1,12,"flag"
3,"ws","hg739rpo",6,"p19","reordered_keywords_4","attennae",0,12,"attennae"
3,"ws","hg739rpo",6,"p19","reordered_keywords_5","apron",1,12,"apron"
3,"ws","hg739rpo",10,"p19","reordered_keywords_1","shield",1,12,"shield"
3,"ws","hg739rpo",10,"p19","reordered_keywords_2","horse",0,12,"horse"
3,"ws","hg739rpo",10,"p19","reordered_keywords_3","flag",1,12,"flag"
3,"ws","hg739rpo",10,"p19","reordered_keywords_4","antennae",1,12,"antenna"
3,"ws","hg739rpo",10,"p19","reordered_keywords_5","apron",1,12,"apron"
1,"ws","9caxmijh",3,"p2","reordered_keywords_1","shield",1,12,"shield"
1,"ws","9caxmijh",3,"p2","reordered_keywords_2","angel",1,12,"angel"
1,"ws","9caxmijh",3,"p2","reordered_keywords_3","flag",1,12,"flag"
1,"ws","9caxmijh",3,"p2","reordered_keywords_4","antennae",1,12,"antenna"
1,"ws","9caxmijh",3,"p2","reordered_keywords_5","apron",1,12,"apron"
1,"ws","9caxmijh",5,"p2","reordered_keywords_1","shield",1,12,"shield"
1,"ws","9caxmijh",5,"p2","reordered_keywords_2","angel",1,12,"angel"
1,"ws","9caxmijh",5,"p2","reordered_keywords_3","flag",1,12,"flag"
1,"ws","9caxmijh",5,"p2","reordered_keywords_4","antennae",1,12,"antenna"
1,"ws","9caxmijh",5,"p2","reordered_keywords_5","apron",1,12,"apron"
1,"ws","9caxmijh",10,"p2","reordered_keywords_1","shield",1,12,"shield"
1,"ws","9caxmijh",10,"p2","reordered_keywords_2","angel",1,12,"angel"
1,"ws","9caxmijh",10,"p2","reordered_keywords_3","flag",1,12,"flag"
1,"ws","9caxmijh",10,"p2","reordered_keywords_4","antennae",1,12,"antenna"
1,"ws","9caxmijh",10,"p2","reordered_keywords_5","apron",1,12,"apron"
3,"ws","j8urhz5m",6,"p20","reordered_keywords_2","angel",1,12,"angel"
3,"ws","j8urhz5m",6,"p20","reordered_keywords_3","boomerang",0,12,"boomerang"
3,"ws","j8urhz5m",6,"p20","reordered_keywords_4","snail",0,12,"snail"
3,"ws","j8urhz5m",6,"p20","reordered_keywords_5","hourglass",0,12,"hourglass"
3,"ws","j8urhz5m",10,"p20","reordered_keywords_1","bat",0,12,"bat"
3,"ws","j8urhz5m",10,"p20","reordered_keywords_2","angel",1,12,"angel"
3,"ws","j8urhz5m",10,"p20","reordered_keywords_3","knife",0,12,"knife"
3,"ws","j8urhz5m",10,"p20","reordered_keywords_4","snail",0,12,"snail"
3,"ws","j8urhz5m",10,"p20","reordered_keywords_5","hourglass",0,12,"hourglass"
3,"random","jdf4sgo1",5,"p21","reordered_keywords_1","shield",1,12,"shield"
3,"random","jdf4sgo1",5,"p21","reordered_keywords_2","horse head",0,12,"horse"
3,"random","jdf4sgo1",5,"p21","reordered_keywords_3","scythe",0,12,"scythe"
3,"random","jdf4sgo1",10,"p21","reordered_keywords_1","shield",1,12,"shield"
3,"random","jdf4sgo1",10,"p21","reordered_keywords_2","horse head",0,12,"horse"
3,"random","jdf4sgo1",10,"p21","reordered_keywords_3","scythe",0,12,"scythe"
3,"random","jdf4sgo1",10,"p21","reordered_keywords_4","antennae",1,12,"antenna"
3,"random","jdf4sgo1",10,"p21","reordered_keywords_5","hourglass",0,12,"hourglass"
3,"random","ot0ui8sk",5,"p22","reordered_keywords_1","shield",1,12,"shield"
3,"random","ot0ui8sk",5,"p22","reordered_keywords_2","heels",0,12,"heel"
3,"random","ot0ui8sk",5,"p22","reordered_keywords_3","flag",1,12,"flag"
3,"random","ot0ui8sk",5,"p22","reordered_keywords_4","antennae",1,12,"antenna"
3,"random","ot0ui8sk",5,"p22","reordered_keywords_5","apron",1,12,"apron"
3,"random","ot0ui8sk",10,"p22","reordered_keywords_1","shield",1,12,"shield"
3,"random","ot0ui8sk",10,"p22","reordered_keywords_2","heel",0,12,"heel"
3,"random","ot0ui8sk",10,"p22","reordered_keywords_3","flag",1,12,"flag"
3,"random","ot0ui8sk",10,"p22","reordered_keywords_4","antennae",1,12,"antenna"
3,"random","ot0ui8sk",10,"p22","reordered_keywords_5","apron",1,12,"apron"
3,"random","sdth5ohy",5,"p23","reordered_keywords_1","seahorse",0,12,"seahorse"
3,"random","sdth5ohy",5,"p23","reordered_keywords_2","horse",0,12,"horse"
3,"random","sdth5ohy",5,"p23","reordered_keywords_3","flag",1,12,"flag"
3,"random","sdth5ohy",5,"p23","reordered_keywords_4","alien",0,12,"alien"
3,"random","sdth5ohy",5,"p23","reordered_keywords_5","angel",0,12,"angel"
3,"random","sdth5ohy",10,"p23","reordered_keywords_1","seahorse",0,12,"seahorse"
3,"random","sdth5ohy",10,"p23","reordered_keywords_2","boot",0,12,"boot"
3,"random","sdth5ohy",10,"p23","reordered_keywords_3","flag",1,12,"flag"
3,"random","sdth5ohy",10,"p23","reordered_keywords_4","alien",0,12,"alien"
3,"random","sdth5ohy",10,"p23","reordered_keywords_5","apron",1,12,"apron"
3,"ws","slpk75c0",5,"p24","reordered_keywords_3","sythe",0,12,"sythe"
3,"ws","slpk75c0",5,"p24","reordered_keywords_5","insect with a m in the middle",0,12,"insect be middle"
3,"ws","slpk75c0",10,"p24","reordered_keywords_1","shield",1,12,"shield"
3,"ws","slpk75c0",10,"p24","reordered_keywords_2","angel",1,12,"angel"
3,"ws","slpk75c0",10,"p24","reordered_keywords_3","flag",1,12,"flag"
3,"ws","slpk75c0",10,"p24","reordered_keywords_4","antennae",1,12,"antenna"
3,"ws","slpk75c0",10,"p24","reordered_keywords_5","apron",1,12,"apron"
4,"random","48b9jmgp",10,"p25","reordered_keywords_1","dragon head",0,12,"dragon"
4,"random","48b9jmgp",10,"p25","reordered_keywords_2","angel",1,12,"angel"
4,"random","48b9jmgp",10,"p25","reordered_keywords_3","scythe",0,12,"scythe"
4,"random","48b9jmgp",10,"p25","reordered_keywords_4","swans",0,12,"swan"
4,"random","48b9jmgp",10,"p25","reordered_keywords_5","hourglass",0,12,"hourglass"
4,"ws","9caxmijh",4,"p26","reordered_keywords_1","leaf",0,12,"leaf"
4,"ws","9caxmijh",4,"p26","reordered_keywords_2","angel",1,12,"angel"
4,"ws","9caxmijh",4,"p26","reordered_keywords_5","triangles",0,12,"triangle"
4,"ws","9caxmijh",10,"p26","reordered_keywords_1","shield",1,12,"shield"
4,"ws","9caxmijh",10,"p26","reordered_keywords_2","angel",1,12,"angel"
4,"ws","9caxmijh",10,"p26","reordered_keywords_3","flag",1,12,"flag"
4,"ws","9caxmijh",10,"p26","reordered_keywords_4","antennae",1,12,"antenna"
4,"ws","9caxmijh",10,"p26","reordered_keywords_5","apron",1,12,"apron"
4,"ws","hg739rpo",4,"p27","reordered_keywords_1","club",0,12,"club"
4,"ws","hg739rpo",4,"p27","reordered_keywords_2","flower",0,12,"flower"
4,"ws","hg739rpo",4,"p27","reordered_keywords_3","l shape",0,12,"l shape"
4,"ws","hg739rpo",4,"p27","reordered_keywords_4","2 symmetrical things",0,12,"symmetrical thing"
4,"ws","hg739rpo",10,"p27","reordered_keywords_1","shield",1,12,"shield"
4,"ws","hg739rpo",10,"p27","reordered_keywords_2","angel",1,12,"angel"
4,"ws","hg739rpo",10,"p27","reordered_keywords_3","flag",1,12,"flag"
4,"ws","hg739rpo",10,"p27","reordered_keywords_4","antennae",1,12,"antenna"
4,"ws","hg739rpo",10,"p27","reordered_keywords_5","apron",1,12,"apron"
4,"ws","j8urhz5m",4,"p28","reordered_keywords_1","dragons",0,12,"dragon"
4,"ws","j8urhz5m",4,"p28","reordered_keywords_2","wings",0,12,"wing"
4,"ws","j8urhz5m",4,"p28","reordered_keywords_4","bugs",0,12,"bug"
4,"ws","j8urhz5m",4,"p28","reordered_keywords_5","timer",0,12,"timer"
4,"ws","j8urhz5m",10,"p28","reordered_keywords_1","dragon",0,12,"dragon"
4,"ws","j8urhz5m",10,"p28","reordered_keywords_2","wings",0,12,"wing"
4,"ws","j8urhz5m",10,"p28","reordered_keywords_3","flag",1,12,"flag"
4,"ws","j8urhz5m",10,"p28","reordered_keywords_4","antennae",1,12,"antenna"
4,"ws","j8urhz5m",10,"p28","reordered_keywords_5","timer",0,12,"timer"
4,"random","jdf4sgo1",10,"p29","reordered_keywords_1","shield",1,12,"shield"
4,"random","jdf4sgo1",10,"p29","reordered_keywords_2","angel",1,12,"angel"
4,"random","jdf4sgo1",10,"p29","reordered_keywords_3","scythe",0,12,"scythe"
4,"random","jdf4sgo1",10,"p29","reordered_keywords_4","antennae",1,12,"antenna"
4,"random","jdf4sgo1",10,"p29","reordered_keywords_5","hourglass",0,12,"hourglass"
1,"ws","hg739rpo",3,"p3","reordered_keywords_1","shield",1,12,"shield"
1,"ws","hg739rpo",3,"p3","reordered_keywords_2","angel",1,12,"angel"
1,"ws","hg739rpo",3,"p3","reordered_keywords_3","flag",1,12,"flag"
1,"ws","hg739rpo",3,"p3","reordered_keywords_4","antennae",1,12,"antenna"
1,"ws","hg739rpo",3,"p3","reordered_keywords_5","apron",1,12,"apron"
1,"ws","hg739rpo",5,"p3","reordered_keywords_1","shield",1,12,"shield"
1,"ws","hg739rpo",5,"p3","reordered_keywords_2","angel",1,12,"angel"
1,"ws","hg739rpo",5,"p3","reordered_keywords_3","flag",1,12,"flag"
1,"ws","hg739rpo",5,"p3","reordered_keywords_4","antennae",1,12,"antenna"
1,"ws","hg739rpo",5,"p3","reordered_keywords_5","apron",1,12,"apron"
1,"ws","hg739rpo",10,"p3","reordered_keywords_1","shield",1,12,"shield"
1,"ws","hg739rpo",10,"p3","reordered_keywords_2","angel",1,12,"angel"
1,"ws","hg739rpo",10,"p3","reordered_keywords_3","flag",1,12,"flag"
1,"ws","hg739rpo",10,"p3","reordered_keywords_4","antennae",1,12,"antenna"
1,"ws","hg739rpo",10,"p3","reordered_keywords_5","apron",1,12,"apron"
4,"random","ot0ui8sk",10,"p30","reordered_keywords_1","spiky",0,12,"spiky"
4,"random","ot0ui8sk",10,"p30","reordered_keywords_2","weird",0,12,"weird"
4,"random","ot0ui8sk",10,"p30","reordered_keywords_3","blade",0,12,"blade"
4,"random","ot0ui8sk",10,"p30","reordered_keywords_4","alien",0,12,"alien"
4,"random","ot0ui8sk",10,"p30","reordered_keywords_5","hourglass",0,12,"hourglass"
4,"random","sdth5ohy",10,"p31","reordered_keywords_1","shield",1,12,"shield"
4,"random","sdth5ohy",10,"p31","reordered_keywords_2","horse",0,12,"horse"
4,"random","sdth5ohy",10,"p31","reordered_keywords_3","flag",1,12,"flag"
4,"random","sdth5ohy",10,"p31","reordered_keywords_4","antennae",1,12,"antenna"
4,"random","sdth5ohy",10,"p31","reordered_keywords_5","apron",1,12,"apron"
4,"ws","slpk75c0",4,"p32","reordered_keywords_1","shield",1,12,"shield"
4,"ws","slpk75c0",4,"p32","reordered_keywords_2","egg timer",0,12,"egg timer"
4,"ws","slpk75c0",4,"p32","reordered_keywords_3","scythe",0,12,"scythe"
4,"ws","slpk75c0",4,"p32","reordered_keywords_4","fists",0,12,"fist"
4,"ws","slpk75c0",4,"p32","reordered_keywords_5","goats head",0,12,"goat"
4,"ws","slpk75c0",10,"p32","reordered_keywords_1","shield",1,12,"shield"
4,"ws","slpk75c0",10,"p32","reordered_keywords_2","goat",0,12,"goat"
4,"ws","slpk75c0",10,"p32","reordered_keywords_3","scythe",0,12,"scythe"
4,"ws","slpk75c0",10,"p32","reordered_keywords_4","bug",0,12,"bug"
4,"ws","slpk75c0",10,"p32","reordered_keywords_5","hourglass",0,12,"hourglass"
5,"random","48b9jmgp",5,"p33","reordered_keywords_1","shield",1,12,"shield"
5,"random","48b9jmgp",5,"p33","reordered_keywords_2","antennae",0,12,"antenna"
5,"random","48b9jmgp",5,"p33","reordered_keywords_3","flag",1,12,"flag"
5,"random","48b9jmgp",5,"p33","reordered_keywords_4","half eaten apple",0,12,"half eat apple"
5,"random","48b9jmgp",5,"p33","reordered_keywords_5","hourglass",0,12,"hourglass"
5,"random","48b9jmgp",6,"p33","reordered_keywords_1","shield",1,12,"shield"
5,"random","48b9jmgp",6,"p33","reordered_keywords_2","angel",1,12,"angel"
5,"random","48b9jmgp",6,"p33","reordered_keywords_3","flag",1,12,"flag"
5,"random","48b9jmgp",6,"p33","reordered_keywords_4","antennae",1,12,"antenna"
5,"random","48b9jmgp",6,"p33","reordered_keywords_5","hourglass",0,12,"hourglass"
5,"random","48b9jmgp",10,"p33","reordered_keywords_1","shield",1,12,"shield"
5,"random","48b9jmgp",10,"p33","reordered_keywords_2","angel",1,12,"angel"
5,"random","48b9jmgp",10,"p33","reordered_keywords_3","flag",1,12,"flag"
5,"random","48b9jmgp",10,"p33","reordered_keywords_4","antennae",1,12,"antenna"
5,"random","48b9jmgp",10,"p33","reordered_keywords_5","hourglass",0,12,"hourglass"
5,"ws","9caxmijh",6,"p34","reordered_keywords_1","holly leaf",0,12,"holly leaf"
5,"ws","9caxmijh",6,"p34","reordered_keywords_2","a horses head",0,12,"horse"
5,"ws","9caxmijh",6,"p34","reordered_keywords_3","scythe",0,12,"scythe"
5,"ws","9caxmijh",6,"p34","reordered_keywords_4","antennae",1,12,"antenna"
5,"ws","9caxmijh",6,"p34","reordered_keywords_5","hourglass",0,12,"hourglass"
5,"ws","9caxmijh",10,"p34","reordered_keywords_1","leaf",0,12,"leaf"
5,"ws","9caxmijh",10,"p34","reordered_keywords_2","horse",0,12,"horse"
5,"ws","9caxmijh",10,"p34","reordered_keywords_3","scythe",0,12,"scythe"
5,"ws","9caxmijh",10,"p34","reordered_keywords_4","antennae",1,12,"antenna"
5,"ws","9caxmijh",10,"p34","reordered_keywords_5","apron",1,12,"apron"
5,"ws","hg739rpo",6,"p35","reordered_keywords_1","shield",1,12,"shield"
5,"ws","hg739rpo",6,"p35","reordered_keywords_2","angel",1,12,"angel"
5,"ws","hg739rpo",6,"p35","reordered_keywords_3","boomerang",0,12,"boomerang"
5,"ws","hg739rpo",6,"p35","reordered_keywords_4","dinoheads",0,12,"dinoheads"
5,"ws","hg739rpo",6,"p35","reordered_keywords_5","apron",1,12,"apron"
5,"ws","hg739rpo",10,"p35","reordered_keywords_1","shield",1,12,"shield"
5,"ws","hg739rpo",10,"p35","reordered_keywords_2","angel",1,12,"angel"
5,"ws","hg739rpo",10,"p35","reordered_keywords_3","flag",1,12,"flag"
5,"ws","hg739rpo",10,"p35","reordered_keywords_4","antennae",1,12,"antenna"
5,"ws","hg739rpo",10,"p35","reordered_keywords_5","apron",1,12,"apron"
5,"ws","j8urhz5m",6,"p36","reordered_keywords_1","holly",0,12,"holly"
5,"ws","j8urhz5m",6,"p36","reordered_keywords_2","angel",1,12,"angel"
5,"ws","j8urhz5m",6,"p36","reordered_keywords_3","hook",0,12,"hook"
5,"ws","j8urhz5m",6,"p36","reordered_keywords_4","antennae",1,12,"antenna"
5,"ws","j8urhz5m",6,"p36","reordered_keywords_5","triangles",0,12,"triangle"
5,"ws","j8urhz5m",10,"p36","reordered_keywords_1","shield",1,12,"shield"
5,"ws","j8urhz5m",10,"p36","reordered_keywords_2","angel",1,12,"angel"
5,"ws","j8urhz5m",10,"p36","reordered_keywords_3","flag",1,12,"flag"
5,"ws","j8urhz5m",10,"p36","reordered_keywords_4","antennae",1,12,"antenna"
5,"ws","j8urhz5m",10,"p36","reordered_keywords_5","timer",0,12,"timer"
5,"random","jdf4sgo1",5,"p37","reordered_keywords_1","dragon head",0,12,"dragon"
5,"random","jdf4sgo1",5,"p37","reordered_keywords_3","flag",1,12,"flag"
5,"random","jdf4sgo1",5,"p37","reordered_keywords_4","swan",0,12,"swan"
5,"random","jdf4sgo1",5,"p37","reordered_keywords_5","hour glass",0,12,"hourglass"
5,"random","jdf4sgo1",6,"p37","reordered_keywords_1","badge shape",0,12,"badge shape"
5,"random","jdf4sgo1",6,"p37","reordered_keywords_2","apron angel",0,12,"apron angel"
5,"random","jdf4sgo1",6,"p37","reordered_keywords_3","sickle image",0,12,"sickle image"
5,"random","jdf4sgo1",6,"p37","reordered_keywords_4","symmetric badge heart shape",0,12,"symmetric badge heart shape"
5,"random","jdf4sgo1",6,"p37","reordered_keywords_5","two triangles inter woven",0,12,"two triangle inter weave"
5,"random","jdf4sgo1",10,"p37","reordered_keywords_1","dragon",0,12,"dragon"
5,"random","jdf4sgo1",10,"p37","reordered_keywords_2","angel",1,12,"angel"
5,"random","jdf4sgo1",10,"p37","reordered_keywords_3","sickle",0,12,"sickle"
5,"random","jdf4sgo1",10,"p37","reordered_keywords_4","swans",0,12,"swan"
5,"random","jdf4sgo1",10,"p37","reordered_keywords_5","apron",1,12,"apron"
5,"random","ot0ui8sk",5,"p38","reordered_keywords_1","shield",1,12,"shield"
5,"random","ot0ui8sk",5,"p38","reordered_keywords_2","angel",1,12,"angel"
5,"random","ot0ui8sk",5,"p38","reordered_keywords_3","puzzle piece",0,12,"puzzle piece"
5,"random","ot0ui8sk",5,"p38","reordered_keywords_4","ducks",0,12,"duck"
5,"random","ot0ui8sk",6,"p38","reordered_keywords_1","sword",0,12,"sword"
5,"random","ot0ui8sk",6,"p38","reordered_keywords_2","angel",1,12,"angel"
5,"random","ot0ui8sk",6,"p38","reordered_keywords_3","puzzle piece",0,12,"puzzle piece"
5,"random","ot0ui8sk",6,"p38","reordered_keywords_4","swans",0,12,"swan"
5,"random","ot0ui8sk",6,"p38","reordered_keywords_5","apron",1,12,"apron"
5,"random","ot0ui8sk",10,"p38","reordered_keywords_1","sword",0,12,"sword"
5,"random","ot0ui8sk",10,"p38","reordered_keywords_2","angel",1,12,"angel"
5,"random","ot0ui8sk",10,"p38","reordered_keywords_3","puzzle",0,12,"puzzle"
5,"random","ot0ui8sk",10,"p38","reordered_keywords_4","swans",0,12,"swan"
5,"random","ot0ui8sk",10,"p38","reordered_keywords_5","apron",1,12,"apron"
5,"random","sdth5ohy",5,"p39","reordered_keywords_1","mace",0,12,"mace"
5,"random","sdth5ohy",5,"p39","reordered_keywords_2","wings",0,12,"wing"
5,"random","sdth5ohy",5,"p39","reordered_keywords_3","scythe",0,12,"scythe"
5,"random","sdth5ohy",5,"p39","reordered_keywords_4","antennae",1,12,"antenna"
5,"random","sdth5ohy",5,"p39","reordered_keywords_5","hourglass",0,12,"hourglass"
5,"random","sdth5ohy",6,"p39","reordered_keywords_1","shield",1,12,"shield"
5,"random","sdth5ohy",6,"p39","reordered_keywords_2","amoeba",0,12,"amoeba"
5,"random","sdth5ohy",6,"p39","reordered_keywords_3","flag",1,12,"flag"
5,"random","sdth5ohy",6,"p39","reordered_keywords_4","antennae",1,12,"antenna"
5,"random","sdth5ohy",6,"p39","reordered_keywords_5","hourglass",0,12,"hourglass"
5,"random","sdth5ohy",10,"p39","reordered_keywords_1","mace",0,12,"mace"
5,"random","sdth5ohy",10,"p39","reordered_keywords_2","wings",0,12,"wing"
5,"random","sdth5ohy",10,"p39","reordered_keywords_3","scythe",0,12,"scythe"
5,"random","sdth5ohy",10,"p39","reordered_keywords_4","antennae",1,12,"antenna"
5,"random","sdth5ohy",10,"p39","reordered_keywords_5","hourglass",0,12,"hourglass"
1,"ws","j8urhz5m",3,"p4","reordered_keywords_1","shield",1,12,"shield"
1,"ws","j8urhz5m",3,"p4","reordered_keywords_2","angel",1,12,"angel"
1,"ws","j8urhz5m",3,"p4","reordered_keywords_3","flag",1,12,"flag"
1,"ws","j8urhz5m",3,"p4","reordered_keywords_4","antennae",1,12,"antenna"
1,"ws","j8urhz5m",3,"p4","reordered_keywords_5","apron",1,12,"apron"
1,"ws","j8urhz5m",5,"p4","reordered_keywords_1","shield",1,12,"shield"
1,"ws","j8urhz5m",5,"p4","reordered_keywords_2","angel",1,12,"angel"
1,"ws","j8urhz5m",5,"p4","reordered_keywords_3","boomerang",0,12,"boomerang"
1,"ws","j8urhz5m",5,"p4","reordered_keywords_4","antennae",1,12,"antenna"
1,"ws","j8urhz5m",5,"p4","reordered_keywords_5","apron",1,12,"apron"
1,"ws","j8urhz5m",10,"p4","reordered_keywords_1","shield",1,12,"shield"
1,"ws","j8urhz5m",10,"p4","reordered_keywords_2","angel",1,12,"angel"
1,"ws","j8urhz5m",10,"p4","reordered_keywords_3","boomerang",0,12,"boomerang"
1,"ws","j8urhz5m",10,"p4","reordered_keywords_4","antennae",1,12,"antenna"
1,"ws","j8urhz5m",10,"p4","reordered_keywords_5","apron",1,12,"apron"
5,"ws","slpk75c0",6,"p40","reordered_keywords_1","shield",1,12,"shield"
5,"ws","slpk75c0",6,"p40","reordered_keywords_2","wig",0,12,"wig"
5,"ws","slpk75c0",6,"p40","reordered_keywords_3","scythe",0,12,"scythe"
5,"ws","slpk75c0",6,"p40","reordered_keywords_4","fists",0,12,"fist"
5,"ws","slpk75c0",6,"p40","reordered_keywords_5","hourglass",0,12,"hourglass"
5,"ws","slpk75c0",10,"p40","reordered_keywords_1","shield",1,12,"shield"
5,"ws","slpk75c0",10,"p40","reordered_keywords_2","wig",0,12,"wig"
5,"ws","slpk75c0",10,"p40","reordered_keywords_3","scythe",0,12,"scythe"
5,"ws","slpk75c0",10,"p40","reordered_keywords_4","antennae",1,12,"antenna"
5,"ws","slpk75c0",10,"p40","reordered_keywords_5","hourglass",0,12,"hourglass"
6,"random","48b9jmgp",4,"p41","reordered_keywords_2","elephant",0,12,"elephant"
6,"random","48b9jmgp",4,"p41","reordered_keywords_3","scythe",0,12,"scythe"
6,"random","48b9jmgp",7,"p41","reordered_keywords_1","shield",1,12,"shield"
6,"random","48b9jmgp",7,"p41","reordered_keywords_2","angel",1,12,"angel"
6,"random","48b9jmgp",7,"p41","reordered_keywords_3","flag",1,12,"flag"
6,"random","48b9jmgp",7,"p41","reordered_keywords_4","antennae",1,12,"antenna"
6,"random","48b9jmgp",7,"p41","reordered_keywords_5","hourglass",0,12,"hourglass"
6,"random","48b9jmgp",10,"p41","reordered_keywords_1","shield",1,12,"shield"
6,"random","48b9jmgp",10,"p41","reordered_keywords_2","angel",1,12,"angel"
6,"random","48b9jmgp",10,"p41","reordered_keywords_3","flag",1,12,"flag"
6,"random","48b9jmgp",10,"p41","reordered_keywords_4","antennae",1,12,"antenna"
6,"random","48b9jmgp",10,"p41","reordered_keywords_5","hourglass",0,12,"hourglass"
6,"ws","9caxmijh",10,"p42","reordered_keywords_1","shield",1,12,"shield"
6,"ws","9caxmijh",10,"p42","reordered_keywords_2","angel",1,12,"angel"
6,"ws","9caxmijh",10,"p42","reordered_keywords_3","blade",0,12,"blade"
6,"ws","9caxmijh",10,"p42","reordered_keywords_4","antennae",1,12,"antenna"
6,"ws","9caxmijh",10,"p42","reordered_keywords_5","apron",1,12,"apron"
6,"ws","hg739rpo",10,"p43","reordered_keywords_1","shield",1,12,"shield"
6,"ws","hg739rpo",10,"p43","reordered_keywords_2","angel",1,12,"angel"
6,"ws","hg739rpo",10,"p43","reordered_keywords_3","flag",1,12,"flag"
6,"ws","hg739rpo",10,"p43","reordered_keywords_4","antennae",1,12,"antenna"
6,"ws","hg739rpo",10,"p43","reordered_keywords_5","apron",1,12,"apron"
6,"ws","j8urhz5m",10,"p44","reordered_keywords_1","shield",1,12,"shield"
6,"ws","j8urhz5m",10,"p44","reordered_keywords_2","angel",1,12,"angel"
6,"ws","j8urhz5m",10,"p44","reordered_keywords_3","boomerag",0,12,"boomerag"
6,"ws","j8urhz5m",10,"p44","reordered_keywords_4","antennae",1,12,"antenna"
6,"ws","j8urhz5m",10,"p44","reordered_keywords_5","hourglass",0,12,"hourglass"
6,"random","jdf4sgo1",4,"p45","reordered_keywords_1","badge",0,12,"badge"
6,"random","jdf4sgo1",4,"p45","reordered_keywords_2","dress",0,12,"dress"
6,"random","jdf4sgo1",4,"p45","reordered_keywords_3","sickle",0,12,"sickle"
6,"random","jdf4sgo1",4,"p45","reordered_keywords_4","tiara",0,12,"tiara"
6,"random","jdf4sgo1",4,"p45","reordered_keywords_5","spider",0,12,"spider"
6,"random","jdf4sgo1",7,"p45","reordered_keywords_1","shield",1,12,"shield"
6,"random","jdf4sgo1",7,"p45","reordered_keywords_2","angel",1,12,"angel"
6,"random","jdf4sgo1",7,"p45","reordered_keywords_3","sickle",0,12,"sickle"
6,"random","jdf4sgo1",7,"p45","reordered_keywords_4","tiara",0,12,"tiara"
6,"random","jdf4sgo1",7,"p45","reordered_keywords_5","hourglass",0,12,"hourglass"
6,"random","jdf4sgo1",10,"p45","reordered_keywords_1","shield",1,12,"shield"
6,"random","jdf4sgo1",10,"p45","reordered_keywords_2","angel",1,12,"angel"
6,"random","jdf4sgo1",10,"p45","reordered_keywords_3","sickle",0,12,"sickle"
6,"random","jdf4sgo1",10,"p45","reordered_keywords_4","tiara",0,12,"tiara"
6,"random","jdf4sgo1",10,"p45","reordered_keywords_5","spider",0,12,"spider"
6,"random","ot0ui8sk",4,"p46","reordered_keywords_1","animal's head",0,12,"animal"
6,"random","ot0ui8sk",4,"p46","reordered_keywords_3","knife",0,12,"knife"
6,"random","ot0ui8sk",4,"p46","reordered_keywords_4","magnet",0,12,"magnet"
6,"random","ot0ui8sk",7,"p46","reordered_keywords_1","spike",0,12,"spike"
6,"random","ot0ui8sk",7,"p46","reordered_keywords_2","weird",0,12,"weird"
6,"random","ot0ui8sk",7,"p46","reordered_keywords_3","knife",0,12,"knife"
6,"random","ot0ui8sk",7,"p46","reordered_keywords_4","heart",0,12,"heart"
6,"random","ot0ui8sk",10,"p46","reordered_keywords_1","symmetrical",0,12,"symmetrical"
6,"random","ot0ui8sk",10,"p46","reordered_keywords_2","weird",0,12,"weird"
6,"random","ot0ui8sk",10,"p46","reordered_keywords_3","knife",0,12,"knife"
6,"random","ot0ui8sk",10,"p46","reordered_keywords_4","heart",0,12,"heart"
6,"random","ot0ui8sk",10,"p46","reordered_keywords_5","triangle",0,12,"triangle"
6,"random","sdth5ohy",7,"p47","reordered_keywords_1","shield",1,12,"shield"
6,"random","sdth5ohy",7,"p47","reordered_keywords_2","horse",0,12,"horse"
6,"random","sdth5ohy",7,"p47","reordered_keywords_3","flag",1,12,"flag"
6,"random","sdth5ohy",7,"p47","reordered_keywords_4","antennae",1,12,"antenna"
6,"random","sdth5ohy",7,"p47","reordered_keywords_5","apron",1,12,"apron"
6,"random","sdth5ohy",10,"p47","reordered_keywords_1","shield",1,12,"shield"
6,"random","sdth5ohy",10,"p47","reordered_keywords_2","horse",0,12,"horse"
6,"random","sdth5ohy",10,"p47","reordered_keywords_3","flag",1,12,"flag"
6,"random","sdth5ohy",10,"p47","reordered_keywords_4","antennae",1,12,"antenna"
6,"random","sdth5ohy",10,"p47","reordered_keywords_5","apron",1,12,"apron"
6,"ws","slpk75c0",6,"p48","reordered_keywords_1","shield",1,12,"shield"
6,"ws","slpk75c0",6,"p48","reordered_keywords_2","angel",1,12,"angel"
6,"ws","slpk75c0",6,"p48","reordered_keywords_3","flag",1,12,"flag"
6,"ws","slpk75c0",6,"p48","reordered_keywords_4","antennae",1,12,"antenna"
6,"ws","slpk75c0",6,"p48","reordered_keywords_5","apron",1,12,"apron"
6,"ws","slpk75c0",10,"p48","reordered_keywords_1","shield",1,12,"shield"
6,"ws","slpk75c0",10,"p48","reordered_keywords_2","assymetrical moustache",0,12,"assymetrical moustache"
6,"ws","slpk75c0",10,"p48","reordered_keywords_3","sickle",0,12,"sickle"
6,"ws","slpk75c0",10,"p48","reordered_keywords_4","antennae",1,12,"antenna"
6,"ws","slpk75c0",10,"p48","reordered_keywords_5","hour glass",0,12,"hourglass"
7,"random","48b9jmgp",6,"p49","reordered_keywords_1","shield",1,12,"shield"
7,"random","48b9jmgp",6,"p49","reordered_keywords_4","antennae",1,12,"antenna"
7,"random","48b9jmgp",9,"p49","reordered_keywords_1","shield",1,12,"shield"
7,"random","48b9jmgp",9,"p49","reordered_keywords_2","axe head",0,12,"axe"
7,"random","48b9jmgp",9,"p49","reordered_keywords_3","scythe",0,12,"scythe"
7,"random","48b9jmgp",9,"p49","reordered_keywords_4","worms",0,12,"worm"
7,"random","48b9jmgp",9,"p49","reordered_keywords_5","hourglass",0,12,"hourglass"
7,"random","48b9jmgp",10,"p49","reordered_keywords_1","shield",1,12,"shield"
7,"random","48b9jmgp",10,"p49","reordered_keywords_2","axe head",0,12,"axe"
7,"random","48b9jmgp",10,"p49","reordered_keywords_3","scythe",0,12,"scythe"
7,"random","48b9jmgp",10,"p49","reordered_keywords_4","antennae",1,12,"antenna"
7,"random","48b9jmgp",10,"p49","reordered_keywords_5","triangles",0,12,"triangle"
1,"random","jdf4sgo1",3,"p5","reordered_keywords_1","lion",0,12,"lion"
1,"random","jdf4sgo1",3,"p5","reordered_keywords_2","angel",1,12,"angel"
1,"random","jdf4sgo1",3,"p5","reordered_keywords_3","flag",1,12,"flag"
1,"random","jdf4sgo1",3,"p5","reordered_keywords_4","swans",0,12,"swan"
1,"random","jdf4sgo1",3,"p5","reordered_keywords_5","hourglass",0,12,"hourglass"
1,"random","jdf4sgo1",4,"p5","reordered_keywords_1","spiky bat",0,12,"spiky bat"
1,"random","jdf4sgo1",4,"p5","reordered_keywords_2","angel",1,12,"angel"
1,"random","jdf4sgo1",4,"p5","reordered_keywords_3","scythe",0,12,"scythe"
1,"random","jdf4sgo1",4,"p5","reordered_keywords_5","hourglass",0,12,"hourglass"
1,"random","jdf4sgo1",10,"p5","reordered_keywords_1","shield",1,12,"shield"
1,"random","jdf4sgo1",10,"p5","reordered_keywords_2","angel",1,12,"angel"
1,"random","jdf4sgo1",10,"p5","reordered_keywords_3","scythe",0,12,"scythe"
1,"random","jdf4sgo1",10,"p5","reordered_keywords_4","swans",0,12,"swan"
1,"random","jdf4sgo1",10,"p5","reordered_keywords_5","hourglass",0,12,"hourglass"
7,"ws","9caxmijh",7,"p50","reordered_keywords_1","dragon head",0,12,"dragon"
7,"ws","9caxmijh",7,"p50","reordered_keywords_2","horse's head",0,12,"horse"
7,"ws","9caxmijh",7,"p50","reordered_keywords_3","scythe",0,12,"scythe"
7,"ws","9caxmijh",7,"p50","reordered_keywords_4","antennae",1,12,"antenna"
7,"ws","9caxmijh",7,"p50","reordered_keywords_5","hourglass",0,12,"hourglass"
7,"ws","9caxmijh",9,"p50","reordered_keywords_1","shield",1,12,"shield"
7,"ws","9caxmijh",9,"p50","reordered_keywords_2","horse's head",0,12,"horse"
7,"ws","9caxmijh",9,"p50","reordered_keywords_3","scythe",0,12,"scythe"
7,"ws","9caxmijh",9,"p50","reordered_keywords_4","antennae",1,12,"antenna"
7,"ws","9caxmijh",9,"p50","reordered_keywords_5","hourglass",0,12,"hourglass"
7,"ws","9caxmijh",10,"p50","reordered_keywords_1","shield",1,12,"shield"
7,"ws","9caxmijh",10,"p50","reordered_keywords_2","horse",0,12,"horse"
7,"ws","9caxmijh",10,"p50","reordered_keywords_3","scythe",0,12,"scythe"
7,"ws","9caxmijh",10,"p50","reordered_keywords_4","antennae",1,12,"antenna"
7,"ws","9caxmijh",10,"p50","reordered_keywords_5","hourglass",0,12,"hourglass"
7,"ws","hg739rpo",7,"p51","reordered_keywords_1","mirror",0,12,"mirror"
7,"ws","hg739rpo",7,"p51","reordered_keywords_2","horse",0,12,"horse"
7,"ws","hg739rpo",7,"p51","reordered_keywords_3","flag",1,12,"flag"
7,"ws","hg739rpo",7,"p51","reordered_keywords_4","a dish",0,12,"dish"
7,"ws","hg739rpo",7,"p51","reordered_keywords_5","a cape",0,12,"cape"
7,"ws","hg739rpo",9,"p51","reordered_keywords_1","mirror",0,12,"mirror"
7,"ws","hg739rpo",9,"p51","reordered_keywords_2","angel",1,12,"angel"
7,"ws","hg739rpo",9,"p51","reordered_keywords_3","flag",1,12,"flag"
7,"ws","hg739rpo",9,"p51","reordered_keywords_4","ears",0,12,"ear"
7,"ws","hg739rpo",10,"p51","reordered_keywords_1","mirror",0,12,"mirror"
7,"ws","hg739rpo",10,"p51","reordered_keywords_2","angel",1,12,"angel"
7,"ws","hg739rpo",10,"p51","reordered_keywords_3","flag",1,12,"flag"
7,"ws","hg739rpo",10,"p51","reordered_keywords_4","antennae",1,12,"antenna"
7,"ws","hg739rpo",10,"p51","reordered_keywords_5","cape",0,12,"cape"
7,"ws","j8urhz5m",7,"p52","reordered_keywords_2","angel",1,12,"angel"
7,"ws","j8urhz5m",7,"p52","reordered_keywords_3","blade",0,12,"blade"
7,"ws","j8urhz5m",7,"p52","reordered_keywords_4","antennae",1,12,"antenna"
7,"ws","j8urhz5m",7,"p52","reordered_keywords_5","apron",1,12,"apron"
7,"ws","j8urhz5m",9,"p52","reordered_keywords_1","shield",1,12,"shield"
7,"ws","j8urhz5m",9,"p52","reordered_keywords_2","angel",1,12,"angel"
7,"ws","j8urhz5m",9,"p52","reordered_keywords_3","hook",0,12,"hook"
7,"ws","j8urhz5m",9,"p52","reordered_keywords_4","antennae",1,12,"antenna"
7,"ws","j8urhz5m",9,"p52","reordered_keywords_5","triangles",0,12,"triangle"
7,"ws","j8urhz5m",10,"p52","reordered_keywords_1","shield",1,12,"shield"
7,"ws","j8urhz5m",10,"p52","reordered_keywords_2","angel",1,12,"angel"
7,"ws","j8urhz5m",10,"p52","reordered_keywords_3","hook",0,12,"hook"
7,"ws","j8urhz5m",10,"p52","reordered_keywords_4","antennae",1,12,"antenna"
7,"ws","j8urhz5m",10,"p52","reordered_keywords_5","triangles",0,12,"triangle"
7,"random","jdf4sgo1",6,"p53","reordered_keywords_1","shield",1,12,"shield"
7,"random","jdf4sgo1",6,"p53","reordered_keywords_2","horse",0,12,"horse"
7,"random","jdf4sgo1",6,"p53","reordered_keywords_3","sycthe",0,12,"sycthe"
7,"random","jdf4sgo1",6,"p53","reordered_keywords_4","ring",0,12,"ring"
7,"random","jdf4sgo1",6,"p53","reordered_keywords_5","hour glass",0,12,"hourglass"
7,"random","jdf4sgo1",9,"p53","reordered_keywords_1","shield",1,12,"shield"
7,"random","jdf4sgo1",9,"p53","reordered_keywords_2","angel",1,12,"angel"
7,"random","jdf4sgo1",9,"p53","reordered_keywords_3","scythe",0,12,"scythe"
7,"random","jdf4sgo1",9,"p53","reordered_keywords_4","ring",0,12,"ring"
7,"random","jdf4sgo1",9,"p53","reordered_keywords_5","triangles",0,12,"triangle"
7,"random","jdf4sgo1",10,"p53","reordered_keywords_1","dragon head",0,12,"dragon"
7,"random","jdf4sgo1",10,"p53","reordered_keywords_2","angel",1,12,"angel"
7,"random","jdf4sgo1",10,"p53","reordered_keywords_3","scythe",0,12,"scythe"
7,"random","jdf4sgo1",10,"p53","reordered_keywords_4","sntenna",0,12,"sntenna"
7,"random","jdf4sgo1",10,"p53","reordered_keywords_5","apron",1,12,"apron"
7,"random","ot0ui8sk",6,"p54","reordered_keywords_1","key",0,12,"key"
7,"random","ot0ui8sk",6,"p54","reordered_keywords_2","shoe",0,12,"shoe"
7,"random","ot0ui8sk",6,"p54","reordered_keywords_3","blade",0,12,"blade"
7,"random","ot0ui8sk",6,"p54","reordered_keywords_4","snake",0,12,"snake"
7,"random","ot0ui8sk",6,"p54","reordered_keywords_5","apron",1,12,"apron"
7,"random","ot0ui8sk",9,"p54","reordered_keywords_1","key",0,12,"key"
7,"random","ot0ui8sk",9,"p54","reordered_keywords_2","shoe",0,12,"shoe"
7,"random","ot0ui8sk",9,"p54","reordered_keywords_3","flag",1,12,"flag"
7,"random","ot0ui8sk",9,"p54","reordered_keywords_4","snake",0,12,"snake"
7,"random","ot0ui8sk",9,"p54","reordered_keywords_5","apron",1,12,"apron"
7,"random","ot0ui8sk",10,"p54","reordered_keywords_1","shield",1,12,"shield"
7,"random","ot0ui8sk",10,"p54","reordered_keywords_2","shoe",0,12,"shoe"
7,"random","ot0ui8sk",10,"p54","reordered_keywords_3","flag",1,12,"flag"
7,"random","ot0ui8sk",10,"p54","reordered_keywords_4","antennae",1,12,"antenna"
7,"random","ot0ui8sk",10,"p54","reordered_keywords_5","apron",1,12,"apron"
7,"random","sdth5ohy",6,"p55","reordered_keywords_1","shield",1,12,"shield"
7,"random","sdth5ohy",6,"p55","reordered_keywords_2","horse",0,12,"horse"
7,"random","sdth5ohy",6,"p55","reordered_keywords_3","flag",1,12,"flag"
7,"random","sdth5ohy",6,"p55","reordered_keywords_4","antennae",1,12,"antenna"
7,"random","sdth5ohy",6,"p55","reordered_keywords_5","apron",1,12,"apron"
7,"random","sdth5ohy",9,"p55","reordered_keywords_1","shield",1,12,"shield"
7,"random","sdth5ohy",9,"p55","reordered_keywords_2","horse",0,12,"horse"
7,"random","sdth5ohy",9,"p55","reordered_keywords_3","flag",1,12,"flag"
7,"random","sdth5ohy",9,"p55","reordered_keywords_4","antennae",1,12,"antenna"
7,"random","sdth5ohy",9,"p55","reordered_keywords_5","angel",0,12,"angel"
7,"random","sdth5ohy",10,"p55","reordered_keywords_1","shield",1,12,"shield"
7,"random","sdth5ohy",10,"p55","reordered_keywords_2","horse",0,12,"horse"
7,"random","sdth5ohy",10,"p55","reordered_keywords_3","flag",1,12,"flag"
7,"random","sdth5ohy",10,"p55","reordered_keywords_4","antennae",1,12,"antenna"
7,"random","sdth5ohy",10,"p55","reordered_keywords_5","angel",0,12,"angel"
7,"ws","slpk75c0",9,"p56","reordered_keywords_1","shield",1,12,"shield"
7,"ws","slpk75c0",9,"p56","reordered_keywords_2","mushroom",0,12,"mushroom"
7,"ws","slpk75c0",9,"p56","reordered_keywords_3","scythe",0,12,"scythe"
7,"ws","slpk75c0",9,"p56","reordered_keywords_5","hourglass",0,12,"hourglass"
7,"ws","slpk75c0",10,"p56","reordered_keywords_1","shield",1,12,"shield"
7,"ws","slpk75c0",10,"p56","reordered_keywords_2","wig",0,12,"wig"
7,"ws","slpk75c0",10,"p56","reordered_keywords_3","scythe",0,12,"scythe"
7,"ws","slpk75c0",10,"p56","reordered_keywords_4","mushroom",0,12,"mushroom"
7,"ws","slpk75c0",10,"p56","reordered_keywords_5","hourglass",0,12,"hourglass"
8,"random","48b9jmgp",7,"p57","reordered_keywords_1","shield",1,12,"shield"
8,"random","48b9jmgp",7,"p57","reordered_keywords_2","angel",1,12,"angel"
8,"random","48b9jmgp",7,"p57","reordered_keywords_3","flag",1,12,"flag"
8,"random","48b9jmgp",7,"p57","reordered_keywords_4","antennae",1,12,"antenna"
8,"random","48b9jmgp",7,"p57","reordered_keywords_5","hourglass",0,12,"hourglass"
8,"random","48b9jmgp",10,"p57","reordered_keywords_1","shield",1,12,"shield"
8,"random","48b9jmgp",10,"p57","reordered_keywords_2","knight",0,12,"knight"
8,"random","48b9jmgp",10,"p57","reordered_keywords_3","scythe",0,12,"scythe"
8,"random","48b9jmgp",10,"p57","reordered_keywords_4","helmet",0,12,"helmet"
8,"random","48b9jmgp",10,"p57","reordered_keywords_5","hourglass",0,12,"hourglass"
8,"ws","9caxmijh",4,"p58","reordered_keywords_4","horseshoe",0,12,"horseshoe"
8,"ws","9caxmijh",4,"p58","reordered_keywords_5","hour glass",0,12,"hourglass"
8,"ws","9caxmijh",6,"p58","reordered_keywords_1","shield",1,12,"shield"
8,"ws","9caxmijh",6,"p58","reordered_keywords_2","leaf",0,12,"leaf"
8,"ws","9caxmijh",6,"p58","reordered_keywords_3","scythe",0,12,"scythe"
8,"ws","9caxmijh",6,"p58","reordered_keywords_4","horseshoe",0,12,"horseshoe"
8,"ws","9caxmijh",6,"p58","reordered_keywords_5","hour glass",0,12,"hourglass"
8,"ws","9caxmijh",10,"p58","reordered_keywords_1","shield",1,12,"shield"
8,"ws","9caxmijh",10,"p58","reordered_keywords_2","shoe",0,12,"shoe"
8,"ws","9caxmijh",10,"p58","reordered_keywords_3","scythe",0,12,"scythe"
8,"ws","9caxmijh",10,"p58","reordered_keywords_4","horseshoe",0,12,"horseshoe"
8,"ws","9caxmijh",10,"p58","reordered_keywords_5","hour glass",0,12,"hourglass"
8,"ws","hg739rpo",4,"p59","reordered_keywords_3","sickle",0,12,"sickle"
8,"ws","hg739rpo",4,"p59","reordered_keywords_4","spade",0,12,"spade"
8,"ws","hg739rpo",4,"p59","reordered_keywords_5","apron",1,12,"apron"
8,"ws","hg739rpo",6,"p59","reordered_keywords_1","shield",1,12,"shield"
8,"ws","hg739rpo",6,"p59","reordered_keywords_2","horse",0,12,"horse"
8,"ws","hg739rpo",6,"p59","reordered_keywords_3","flag",1,12,"flag"
8,"ws","hg739rpo",6,"p59","reordered_keywords_4","heart",0,12,"heart"
8,"ws","hg739rpo",6,"p59","reordered_keywords_5","apron",1,12,"apron"
8,"ws","hg739rpo",10,"p59","reordered_keywords_1","mirror",0,12,"mirror"
8,"ws","hg739rpo",10,"p59","reordered_keywords_2","angel",1,12,"angel"
8,"ws","hg739rpo",10,"p59","reordered_keywords_3","flag",1,12,"flag"
8,"ws","hg739rpo",10,"p59","reordered_keywords_4","spade",0,12,"spade"
8,"ws","hg739rpo",10,"p59","reordered_keywords_5","apron",1,12,"apron"
1,"random","ot0ui8sk",3,"p6","reordered_keywords_3","blade",0,12,"blade"
1,"random","ot0ui8sk",3,"p6","reordered_keywords_4","heart",0,12,"heart"
1,"random","ot0ui8sk",3,"p6","reordered_keywords_5","dress",0,12,"dress"
1,"random","ot0ui8sk",4,"p6","reordered_keywords_2","leaf",0,12,"leaf"
1,"random","ot0ui8sk",4,"p6","reordered_keywords_3","blade",0,12,"blade"
1,"random","ot0ui8sk",4,"p6","reordered_keywords_5","hourglass",0,12,"hourglass"
1,"random","ot0ui8sk",10,"p6","reordered_keywords_1","shield",1,12,"shield"
1,"random","ot0ui8sk",10,"p6","reordered_keywords_2","leaf",0,12,"leaf"
1,"random","ot0ui8sk",10,"p6","reordered_keywords_3","scythe",0,12,"scythe"
1,"random","ot0ui8sk",10,"p6","reordered_keywords_4","antennae",1,12,"antenna"
1,"random","ot0ui8sk",10,"p6","reordered_keywords_5","dress",0,12,"dress"
8,"ws","j8urhz5m",4,"p60","reordered_keywords_1","spike weapon",0,12,"spike weapon"
8,"ws","j8urhz5m",4,"p60","reordered_keywords_2","wings",0,12,"wing"
8,"ws","j8urhz5m",4,"p60","reordered_keywords_3","blade",0,12,"blade"
8,"ws","j8urhz5m",4,"p60","reordered_keywords_4","heart",0,12,"heart"
8,"ws","j8urhz5m",4,"p60","reordered_keywords_5","triangle",0,12,"triangle"
8,"ws","j8urhz5m",6,"p60","reordered_keywords_1","spike weapon",0,12,"spike weapon"
8,"ws","j8urhz5m",6,"p60","reordered_keywords_2","wings",0,12,"wing"
8,"ws","j8urhz5m",6,"p60","reordered_keywords_5","t",0,12,"t"
8,"ws","j8urhz5m",10,"p60","reordered_keywords_1","shield",1,12,"shield"
8,"ws","j8urhz5m",10,"p60","reordered_keywords_2","wings",0,12,"wing"
8,"ws","j8urhz5m",10,"p60","reordered_keywords_3","blade",0,12,"blade"
8,"ws","j8urhz5m",10,"p60","reordered_keywords_4","antennae",1,12,"antenna"
8,"ws","j8urhz5m",10,"p60","reordered_keywords_5","apron",1,12,"apron"
8,"random","jdf4sgo1",7,"p61","reordered_keywords_1","dragon's head",0,12,"dragon"
8,"random","jdf4sgo1",7,"p61","reordered_keywords_2","angel",1,12,"angel"
8,"random","jdf4sgo1",7,"p61","reordered_keywords_3","airplane",0,12,"airplane"
8,"random","jdf4sgo1",7,"p61","reordered_keywords_4","two swans",0,12,"two swan"
8,"random","jdf4sgo1",7,"p61","reordered_keywords_5","an hourglass",0,12,"hourglass"
8,"random","jdf4sgo1",10,"p61","reordered_keywords_1","dragon",0,12,"dragon"
8,"random","jdf4sgo1",10,"p61","reordered_keywords_2","horse",0,12,"horse"
8,"random","jdf4sgo1",10,"p61","reordered_keywords_3","airplane",0,12,"airplane"
8,"random","jdf4sgo1",10,"p61","reordered_keywords_4","swans",0,12,"swan"
8,"random","jdf4sgo1",10,"p61","reordered_keywords_5","hourglass",0,12,"hourglass"
8,"random","ot0ui8sk",7,"p62","reordered_keywords_1","sword",0,12,"sword"
8,"random","ot0ui8sk",7,"p62","reordered_keywords_2","swans",0,12,"swan"
8,"random","ot0ui8sk",7,"p62","reordered_keywords_3","angel",0,12,"angel"
8,"random","ot0ui8sk",7,"p62","reordered_keywords_4","puzzle",0,12,"puzzle"
8,"random","ot0ui8sk",7,"p62","reordered_keywords_5","apron",1,12,"apron"
8,"random","ot0ui8sk",10,"p62","reordered_keywords_1","shield",1,12,"shield"
8,"random","ot0ui8sk",10,"p62","reordered_keywords_2","angel",1,12,"angel"
8,"random","ot0ui8sk",10,"p62","reordered_keywords_3","scythe",0,12,"scythe"
8,"random","ot0ui8sk",10,"p62","reordered_keywords_4","antennae",1,12,"antenna"
8,"random","ot0ui8sk",10,"p62","reordered_keywords_5","hourglass",0,12,"hourglass"
8,"random","sdth5ohy",7,"p63","reordered_keywords_1","mace",0,12,"mace"
8,"random","sdth5ohy",7,"p63","reordered_keywords_2","wings",0,12,"wing"
8,"random","sdth5ohy",7,"p63","reordered_keywords_3","scythe",0,12,"scythe"
8,"random","sdth5ohy",7,"p63","reordered_keywords_4","antennae",1,12,"antenna"
8,"random","sdth5ohy",7,"p63","reordered_keywords_5","hourglass",0,12,"hourglass"
8,"random","sdth5ohy",10,"p63","reordered_keywords_1","shield",1,12,"shield"
8,"random","sdth5ohy",10,"p63","reordered_keywords_2","angel",1,12,"angel"
8,"random","sdth5ohy",10,"p63","reordered_keywords_3","flag",1,12,"flag"
8,"random","sdth5ohy",10,"p63","reordered_keywords_4","antennae",1,12,"antenna"
8,"random","sdth5ohy",10,"p63","reordered_keywords_5","hourglass",0,12,"hourglass"
8,"ws","slpk75c0",6,"p64","reordered_keywords_1","horse",0,12,"horse"
8,"ws","slpk75c0",6,"p64","reordered_keywords_2","wings",0,12,"wing"
8,"ws","slpk75c0",6,"p64","reordered_keywords_3","sickle",0,12,"sickle"
8,"ws","slpk75c0",6,"p64","reordered_keywords_4","mushroom",0,12,"mushroom"
8,"ws","slpk75c0",6,"p64","reordered_keywords_5","insect",0,12,"insect"
8,"ws","slpk75c0",7,"p64","reordered_keywords_1","shield",1,12,"shield"
8,"ws","slpk75c0",7,"p64","reordered_keywords_2","wig",0,12,"wig"
8,"ws","slpk75c0",7,"p64","reordered_keywords_3","scythe",0,12,"scythe"
8,"ws","slpk75c0",7,"p64","reordered_keywords_4","mushroom",0,12,"mushroom"
8,"ws","slpk75c0",7,"p64","reordered_keywords_5","hourglass",0,12,"hourglass"
8,"ws","slpk75c0",10,"p64","reordered_keywords_1","shield",1,12,"shield"
8,"ws","slpk75c0",10,"p64","reordered_keywords_2","wings",0,12,"wing"
8,"ws","slpk75c0",10,"p64","reordered_keywords_3","scythe",0,12,"scythe"
8,"ws","slpk75c0",10,"p64","reordered_keywords_4","mushroom",0,12,"mushroom"
8,"ws","slpk75c0",10,"p64","reordered_keywords_5","hourglass",0,12,"hourglass"
9,"random","48b9jmgp",4,"p65","reordered_keywords_2","half eaten apple",0,12,"half eat apple"
9,"random","48b9jmgp",4,"p65","reordered_keywords_4","antennae",1,12,"antenna"
9,"random","48b9jmgp",10,"p65","reordered_keywords_1","shield",1,12,"shield"
9,"random","48b9jmgp",10,"p65","reordered_keywords_2","apple",0,12,"apple"
9,"random","48b9jmgp",10,"p65","reordered_keywords_3","flag",1,12,"flag"
9,"random","48b9jmgp",10,"p65","reordered_keywords_4","antennae",1,12,"antenna"
9,"random","48b9jmgp",10,"p65","reordered_keywords_5","hourglass",0,12,"hourglass"
9,"ws","9caxmijh",5,"p66","reordered_keywords_1","tennis racket",0,12,"tennis racket"
9,"ws","9caxmijh",5,"p66","reordered_keywords_2","leaf",0,12,"leaf"
9,"ws","9caxmijh",7,"p66","reordered_keywords_1","spatula",0,12,"spatula"
9,"ws","9caxmijh",7,"p66","reordered_keywords_2","angel",1,12,"angel"
9,"ws","9caxmijh",7,"p66","reordered_keywords_3","blade",0,12,"blade"
9,"ws","9caxmijh",7,"p66","reordered_keywords_4","antennae",1,12,"antenna"
9,"ws","9caxmijh",7,"p66","reordered_keywords_5","hourglass",0,12,"hourglass"
9,"ws","9caxmijh",10,"p66","reordered_keywords_1","racket",0,12,"racket"
9,"ws","9caxmijh",10,"p66","reordered_keywords_2","leaf",0,12,"leaf"
9,"ws","9caxmijh",10,"p66","reordered_keywords_3","scythe",0,12,"scythe"
9,"ws","9caxmijh",10,"p66","reordered_keywords_4","antennae",1,12,"antenna"
9,"ws","9caxmijh",10,"p66","reordered_keywords_5","hourglass",0,12,"hourglass"
9,"ws","hg739rpo",5,"p67","reordered_keywords_1","shield",1,12,"shield"
9,"ws","hg739rpo",5,"p67","reordered_keywords_2","horse",0,12,"horse"
9,"ws","hg739rpo",5,"p67","reordered_keywords_4","spade",0,12,"spade"
9,"ws","hg739rpo",7,"p67","reordered_keywords_1","shield",1,12,"shield"
9,"ws","hg739rpo",7,"p67","reordered_keywords_2","angel",1,12,"angel"
9,"ws","hg739rpo",7,"p67","reordered_keywords_3","flag",1,12,"flag"
9,"ws","hg739rpo",7,"p67","reordered_keywords_4","antennae",1,12,"antenna"
9,"ws","hg739rpo",7,"p67","reordered_keywords_5","apron",1,12,"apron"
9,"ws","hg739rpo",10,"p67","reordered_keywords_1","mace",0,12,"mace"
9,"ws","hg739rpo",10,"p67","reordered_keywords_2","horse",0,12,"horse"
9,"ws","hg739rpo",10,"p67","reordered_keywords_3","flag",1,12,"flag"
9,"ws","hg739rpo",10,"p67","reordered_keywords_4","ears",0,12,"ear"
9,"ws","hg739rpo",10,"p67","reordered_keywords_5","hourglass",0,12,"hourglass"
9,"ws","j8urhz5m",5,"p68","reordered_keywords_1","tennis bat with c curve.",0,12,"tennis bat c curve"
9,"ws","j8urhz5m",7,"p68","reordered_keywords_1","spiky",0,12,"spiky"
9,"ws","j8urhz5m",7,"p68","reordered_keywords_2","angel",1,12,"angel"
9,"ws","j8urhz5m",7,"p68","reordered_keywords_3","shield",0,12,"shield"
9,"ws","j8urhz5m",7,"p68","reordered_keywords_4","antennae",1,12,"antenna"
9,"ws","j8urhz5m",7,"p68","reordered_keywords_5","boomerage",0,12,"boomerage"
9,"ws","j8urhz5m",10,"p68","reordered_keywords_1","torch",0,12,"torch"
9,"ws","j8urhz5m",10,"p68","reordered_keywords_2","angel",1,12,"angel"
9,"ws","j8urhz5m",10,"p68","reordered_keywords_3","grim",0,12,"grim"
9,"ws","j8urhz5m",10,"p68","reordered_keywords_4","snail",0,12,"snail"
9,"ws","j8urhz5m",10,"p68","reordered_keywords_5","triangle",0,12,"triangle"
9,"random","jdf4sgo1",4,"p69","reordered_keywords_1","dragon",0,12,"dragon"
9,"random","jdf4sgo1",4,"p69","reordered_keywords_2","angel",1,12,"angel"
9,"random","jdf4sgo1",4,"p69","reordered_keywords_3","flag",1,12,"flag"
9,"random","jdf4sgo1",4,"p69","reordered_keywords_4","swans kissing",0,12,"swan kiss"
9,"random","jdf4sgo1",4,"p69","reordered_keywords_5","apron",1,12,"apron"
9,"random","jdf4sgo1",10,"p69","reordered_keywords_1","shield",1,12,"shield"
9,"random","jdf4sgo1",10,"p69","reordered_keywords_2","angel",1,12,"angel"
9,"random","jdf4sgo1",10,"p69","reordered_keywords_3","flag",1,12,"flag"
9,"random","jdf4sgo1",10,"p69","reordered_keywords_4","antennae",1,12,"antenna"
9,"random","jdf4sgo1",10,"p69","reordered_keywords_5","apron",1,12,"apron"
1,"random","sdth5ohy",3,"p7","reordered_keywords_1","shield",1,12,"shield"
1,"random","sdth5ohy",3,"p7","reordered_keywords_4","anchor",0,12,"anchor"
1,"random","sdth5ohy",4,"p7","reordered_keywords_1","shield",1,12,"shield"
1,"random","sdth5ohy",4,"p7","reordered_keywords_3","flag",1,12,"flag"
1,"random","sdth5ohy",4,"p7","reordered_keywords_4","bug",0,12,"bug"
1,"random","sdth5ohy",4,"p7","reordered_keywords_5","apron",1,12,"apron"
1,"random","sdth5ohy",10,"p7","reordered_keywords_1","shield",1,12,"shield"
1,"random","sdth5ohy",10,"p7","reordered_keywords_2","angel",1,12,"angel"
1,"random","sdth5ohy",10,"p7","reordered_keywords_3","flag",1,12,"flag"
1,"random","sdth5ohy",10,"p7","reordered_keywords_4","antennae",1,12,"antenna"
1,"random","sdth5ohy",10,"p7","reordered_keywords_5","apron",1,12,"apron"
9,"random","ot0ui8sk",10,"p70","reordered_keywords_1","shield",1,12,"shield"
9,"random","ot0ui8sk",10,"p70","reordered_keywords_2","angel",1,12,"angel"
9,"random","ot0ui8sk",10,"p70","reordered_keywords_3","a puzzlepiece",0,12,"puzzlepiece"
9,"random","ot0ui8sk",10,"p70","reordered_keywords_4","two ducks kissing",0,12,"two duck kiss"
9,"random","ot0ui8sk",10,"p70","reordered_keywords_5","apron",1,12,"apron"
9,"random","sdth5ohy",4,"p71","reordered_keywords_3","elbow",0,12,"elbow"
9,"random","sdth5ohy",4,"p71","reordered_keywords_4","anchor",0,12,"anchor"
9,"random","sdth5ohy",4,"p71","reordered_keywords_5","hour glass",0,12,"hourglass"
9,"random","sdth5ohy",10,"p71","reordered_keywords_1","mace",0,12,"mace"
9,"random","sdth5ohy",10,"p71","reordered_keywords_2","angel",1,12,"angel"
9,"random","sdth5ohy",10,"p71","reordered_keywords_3","scythe",0,12,"scythe"
9,"random","sdth5ohy",10,"p71","reordered_keywords_4","anchor",0,12,"anchor"
9,"random","sdth5ohy",10,"p71","reordered_keywords_5","hourglass",0,12,"hourglass"
9,"ws","slpk75c0",7,"p72","reordered_keywords_1","sickle",0,12,"sickle"
9,"ws","slpk75c0",7,"p72","reordered_keywords_5","hourglass",0,12,"hourglass"
9,"ws","slpk75c0",10,"p72","reordered_keywords_1","shield",1,12,"shield"
9,"ws","slpk75c0",10,"p72","reordered_keywords_2","lady and the tram dog head",0,12,"lady tram dog head"
9,"ws","slpk75c0",10,"p72","reordered_keywords_3","scythe",0,12,"scythe"
9,"ws","slpk75c0",10,"p72","reordered_keywords_4","upside down mushroom",0,12,"upside mushroom"
9,"ws","slpk75c0",10,"p72","reordered_keywords_5","hourglass",0,12,"hourglass"
1,"ws","lyrisecf",3,"p73","reordered_keywords_1","shield",1,24,"shield"
1,"ws","lyrisecf",3,"p73","reordered_keywords_4","antennae",1,24,"antenna"
1,"ws","lyrisecf",5,"p73","reordered_keywords_1","shield",1,24,"shield"
1,"ws","lyrisecf",5,"p73","reordered_keywords_4","antennae",1,24,"antenna"
1,"ws","lyrisecf",10,"p73","reordered_keywords_1","shield",1,24,"shield"
1,"ws","lyrisecf",10,"p73","reordered_keywords_4","antennae",1,24,"antenna"
2,"ws","lyrisecf",4,"p74","reordered_keywords_1","shield",1,24,"shield"
2,"ws","lyrisecf",4,"p74","reordered_keywords_4","antennae",1,24,"antenna"
2,"ws","lyrisecf",10,"p74","reordered_keywords_1","shield",1,24,"shield"
2,"ws","lyrisecf",10,"p74","reordered_keywords_4","antennae",1,24,"antenna"
3,"ws","lyrisecf",5,"p75","reordered_keywords_1","tie",0,24,"tie"
3,"ws","lyrisecf",5,"p75","reordered_keywords_4","swan",0,24,"swan"
3,"ws","lyrisecf",7,"p75","reordered_keywords_1","spikey tie",0,24,"spikey tie"
3,"ws","lyrisecf",7,"p75","reordered_keywords_4","swan",0,24,"swan"
3,"ws","lyrisecf",10,"p75","reordered_keywords_1","tie",0,24,"tie"
3,"ws","lyrisecf",10,"p75","reordered_keywords_4","swan",0,24,"swan"
4,"ws","lyrisecf",6,"p76","reordered_keywords_1","shield",1,24,"shield"
4,"ws","lyrisecf",6,"p76","reordered_keywords_4","antennae",1,24,"antenna"
4,"ws","lyrisecf",10,"p76","reordered_keywords_1","shield",1,24,"shield"
4,"ws","lyrisecf",10,"p76","reordered_keywords_4","antennae",1,24,"antenna"
5,"ws","lyrisecf",5,"p77","reordered_keywords_1","shield",1,24,"shield"
5,"ws","lyrisecf",5,"p77","reordered_keywords_4","antennae",1,24,"antenna"
5,"ws","lyrisecf",10,"p77","reordered_keywords_1","shield",1,24,"shield"
5,"ws","lyrisecf",10,"p77","reordered_keywords_4","antennae",1,24,"antenna"
6,"ws","lyrisecf",6,"p78","reordered_keywords_1","tie",0,24,"tie"
6,"ws","lyrisecf",6,"p78","reordered_keywords_4","swans",0,24,"swan"
6,"ws","lyrisecf",10,"p78","reordered_keywords_1","tie",0,24,"tie"
6,"ws","lyrisecf",10,"p78","reordered_keywords_4","caterpillars",0,24,"caterpillar"
7,"ws","lyrisecf",6,"p79","reordered_keywords_1","shield",1,24,"shield"
7,"ws","lyrisecf",6,"p79","reordered_keywords_4","antennae",1,24,"antenna"
7,"ws","lyrisecf",10,"p79","reordered_keywords_1","shield",1,24,"shield"
7,"ws","lyrisecf",10,"p79","reordered_keywords_4","antennae",1,24,"antenna"
1,"ws","slpk75c0",3,"p8","reordered_keywords_1","shield",1,12,"shield"
1,"ws","slpk75c0",3,"p8","reordered_keywords_2","angel",1,12,"angel"
1,"ws","slpk75c0",3,"p8","reordered_keywords_3","flag",1,12,"flag"
1,"ws","slpk75c0",3,"p8","reordered_keywords_4","bug",0,12,"bug"
1,"ws","slpk75c0",3,"p8","reordered_keywords_5","apron",1,12,"apron"
1,"ws","slpk75c0",5,"p8","reordered_keywords_1","shield",1,12,"shield"
1,"ws","slpk75c0",5,"p8","reordered_keywords_2","asymmetrical",0,12,"asymmetrical"
1,"ws","slpk75c0",5,"p8","reordered_keywords_3","flag",1,12,"flag"
1,"ws","slpk75c0",5,"p8","reordered_keywords_4","bug",0,12,"bug"
1,"ws","slpk75c0",5,"p8","reordered_keywords_5","apron",1,12,"apron"
1,"ws","slpk75c0",10,"p8","reordered_keywords_1","shield",1,12,"shield"
1,"ws","slpk75c0",10,"p8","reordered_keywords_2","angel",1,12,"angel"
1,"ws","slpk75c0",10,"p8","reordered_keywords_3","flag",1,12,"flag"
1,"ws","slpk75c0",10,"p8","reordered_keywords_4","bug",0,12,"bug"
1,"ws","slpk75c0",10,"p8","reordered_keywords_5","apron",1,12,"apron"
8,"ws","lyrisecf",5,"p80","reordered_keywords_1","shield",1,24,"shield"
8,"ws","lyrisecf",5,"p80","reordered_keywords_4","antennae",1,24,"antenna"
8,"ws","lyrisecf",10,"p80","reordered_keywords_1","shield",1,24,"shield"
8,"ws","lyrisecf",10,"p80","reordered_keywords_4","antennae",1,24,"antenna"
9,"ws","lyrisecf",4,"p81","reordered_keywords_1","tie",0,24,"tie"
9,"ws","lyrisecf",4,"p81","reordered_keywords_4","swan",0,24,"swan"
9,"ws","lyrisecf",5,"p81","reordered_keywords_1","tie",0,24,"tie"
9,"ws","lyrisecf",5,"p81","reordered_keywords_4","swan",0,24,"swan"
9,"ws","lyrisecf",10,"p81","reordered_keywords_1","tie",0,24,"tie"
9,"ws","lyrisecf",10,"p81","reordered_keywords_4","swans",0,24,"swan"
10,"ws","lyrisecf",6,"p82","reordered_keywords_1","shield",1,24,"shield"
10,"ws","lyrisecf",6,"p82","reordered_keywords_4","antennae",1,24,"antenna"
10,"ws","lyrisecf",10,"p82","reordered_keywords_1","shield",1,24,"shield"
10,"ws","lyrisecf",10,"p82","reordered_keywords_4","antennae",1,24,"antenna"
11,"ws","lyrisecf",5,"p83","reordered_keywords_4","antennae",1,24,"antenna"
11,"ws","lyrisecf",10,"p83","reordered_keywords_1","shield",1,24,"shield"
11,"ws","lyrisecf",10,"p83","reordered_keywords_4","antennae",1,24,"antenna"
12,"ws","lyrisecf",6,"p84","reordered_keywords_1","shield",1,24,"shield"
12,"ws","lyrisecf",6,"p84","reordered_keywords_4","swans",0,24,"swan"
12,"ws","lyrisecf",7,"p84","reordered_keywords_1","tie",0,24,"tie"
12,"ws","lyrisecf",7,"p84","reordered_keywords_4","swans",0,24,"swan"
12,"ws","lyrisecf",10,"p84","reordered_keywords_1","tie",0,24,"tie"
12,"ws","lyrisecf",10,"p84","reordered_keywords_4","antennae",1,24,"antenna"
13,"ws","lyrisecf",4,"p85","reordered_keywords_1","dragons head with a long nose",0,24,"dragon long nose"
13,"ws","lyrisecf",4,"p85","reordered_keywords_4","antennae",1,24,"antenna"
13,"ws","lyrisecf",7,"p85","reordered_keywords_1","shield",1,24,"shield"
13,"ws","lyrisecf",7,"p85","reordered_keywords_4","heart shape",0,24,"heart shape"
13,"ws","lyrisecf",10,"p85","reordered_keywords_1","dragon",0,24,"dragon"
13,"ws","lyrisecf",10,"p85","reordered_keywords_4","bug",0,24,"bug"
14,"ws","lyrisecf",6,"p86","reordered_keywords_1","heart",0,24,"heart"
14,"ws","lyrisecf",6,"p86","reordered_keywords_4","pointed mirror",0,24,"point mirror"
14,"ws","lyrisecf",10,"p86","reordered_keywords_1","pointed mirror",0,24,"point mirror"
14,"ws","lyrisecf",10,"p86","reordered_keywords_4","heart-shaped anvil",0,24,"heartshaped anvil"
15,"ws","lyrisecf",10,"p87","reordered_keywords_1","dragon",0,24,"dragon"
15,"ws","lyrisecf",10,"p87","reordered_keywords_4","beetle",0,24,"beetle"
16,"ws","lyrisecf",8,"p88","reordered_keywords_1","a bat",0,24,"bat"
16,"ws","lyrisecf",8,"p88","reordered_keywords_4","a snail headband",0,24,"snail headband"
16,"ws","lyrisecf",10,"p88","reordered_keywords_1","a bat",0,24,"bat"
16,"ws","lyrisecf",10,"p88","reordered_keywords_4","a snail headband",0,24,"snail headband"
17,"ws","lyrisecf",9,"p89","reordered_keywords_1","tie",0,24,"tie"
17,"ws","lyrisecf",9,"p89","reordered_keywords_4","swan kissing",0,24,"swan kiss"
17,"ws","lyrisecf",10,"p89","reordered_keywords_1","tie",0,24,"tie"
17,"ws","lyrisecf",10,"p89","reordered_keywords_4","flower",0,24,"flower"
2,"random","48b9jmgp",5,"p9","reordered_keywords_1","shield",1,12,"shield"
2,"random","48b9jmgp",5,"p9","reordered_keywords_3","a sword",0,12,"sword"
2,"random","48b9jmgp",10,"p9","reordered_keywords_1","shield",1,12,"shield"
2,"random","48b9jmgp",10,"p9","reordered_keywords_2","a elephant",0,12,"elephant"
2,"random","48b9jmgp",10,"p9","reordered_keywords_3","a sword",0,12,"sword"
2,"random","48b9jmgp",10,"p9","reordered_keywords_4","a hat",0,12,"hat"
2,"random","48b9jmgp",10,"p9","reordered_keywords_5","apron",1,12,"apron"
18,"ws","lyrisecf",6,"p90","reordered_keywords_1","tie",0,24,"tie"
18,"ws","lyrisecf",6,"p90","reordered_keywords_4","swan",0,24,"swan"
18,"ws","lyrisecf",10,"p90","reordered_keywords_1","tie",0,24,"tie"
18,"ws","lyrisecf",10,"p90","reordered_keywords_4","swans",0,24,"swan"
1,"random","fq1gn8j7",2,"p91","reordered_keywords_1","dragons head",0,24,"dragon"
1,"random","fq1gn8j7",2,"p91","reordered_keywords_4","antennae",1,24,"antenna"
1,"random","fq1gn8j7",4,"p91","reordered_keywords_1","shield",1,24,"shield"
1,"random","fq1gn8j7",4,"p91","reordered_keywords_4","antennae",1,24,"antenna"
1,"random","fq1gn8j7",9,"p91","reordered_keywords_1","shield",1,24,"shield"
1,"random","fq1gn8j7",9,"p91","reordered_keywords_4","antennae",1,24,"antenna"
2,"random","fq1gn8j7",3,"p92","reordered_keywords_1","downward arrow",0,24,"downward arrow"
2,"random","fq1gn8j7",3,"p92","reordered_keywords_4","antennae",1,24,"antenna"
2,"random","fq1gn8j7",6,"p92","reordered_keywords_1","tie",0,24,"tie"
2,"random","fq1gn8j7",6,"p92","reordered_keywords_4","antennae",1,24,"antenna"
2,"random","fq1gn8j7",9,"p92","reordered_keywords_1","shield",1,24,"shield"
2,"random","fq1gn8j7",9,"p92","reordered_keywords_4","antennae",1,24,"antenna"
3,"random","fq1gn8j7",4,"p93","reordered_keywords_1","spikes",0,24,"spike"
3,"random","fq1gn8j7",4,"p93","reordered_keywords_4","snail eyes",0,24,"snail eye"
3,"random","fq1gn8j7",9,"p93","reordered_keywords_1","shield",1,24,"shield"
3,"random","fq1gn8j7",9,"p93","reordered_keywords_4","snail eyes",0,24,"snail eye"
4,"random","fq1gn8j7",3,"p94","reordered_keywords_1","pointy top",0,24,"pointy top"
4,"random","fq1gn8j7",3,"p94","reordered_keywords_4","rounded top",0,24,"round top"
4,"random","fq1gn8j7",4,"p94","reordered_keywords_1","pointed on top",0,24,"point top"
4,"random","fq1gn8j7",4,"p94","reordered_keywords_4","rounded on top",0,24,"round top"
4,"random","fq1gn8j7",9,"p94","reordered_keywords_1","a dragon head",0,24,"dragon"
4,"random","fq1gn8j7",9,"p94","reordered_keywords_4","antennae",1,24,"antenna"
5,"random","fq1gn8j7",2,"p95","reordered_keywords_1","spi",0,24,"spi"
5,"random","fq1gn8j7",2,"p95","reordered_keywords_4","horned snail",0,24,"horn snail"
5,"random","fq1gn8j7",3,"p95","reordered_keywords_1","shield",1,24,"shield"
5,"random","fq1gn8j7",3,"p95","reordered_keywords_4","insect",0,24,"insect"
5,"random","fq1gn8j7",9,"p95","reordered_keywords_1","shield",1,24,"shield"
5,"random","fq1gn8j7",9,"p95","reordered_keywords_4","insect",0,24,"insect"
6,"random","fq1gn8j7",7,"p96","reordered_keywords_1","shield",1,24,"shield"
6,"random","fq1gn8j7",7,"p96","reordered_keywords_4","bug",0,24,"bug"
6,"random","fq1gn8j7",8,"p96","reordered_keywords_1","shield",1,24,"shield"
6,"random","fq1gn8j7",8,"p96","reordered_keywords_4","antennae",1,24,"antenna"
6,"random","fq1gn8j7",9,"p96","reordered_keywords_1","pointy tie",0,24,"pointy tie"
6,"random","fq1gn8j7",9,"p96","reordered_keywords_4","antennae",1,24,"antenna"
7,"random","fq1gn8j7",4,"p97","reordered_keywords_1","shield",1,24,"shield"
7,"random","fq1gn8j7",4,"p97","reordered_keywords_4","antennae",1,24,"antenna"
7,"random","fq1gn8j7",6,"p97","reordered_keywords_1","shield",1,24,"shield"
7,"random","fq1gn8j7",6,"p97","reordered_keywords_4","antennae",1,24,"antenna"
7,"random","fq1gn8j7",9,"p97","reordered_keywords_1","shield",1,24,"shield"
7,"random","fq1gn8j7",9,"p97","reordered_keywords_4","antennae",1,24,"antenna"
8,"random","fq1gn8j7",6,"p98","reordered_keywords_1","seahorse",0,24,"seahorse"
8,"random","fq1gn8j7",6,"p98","reordered_keywords_4","snail eyes",0,24,"snail eye"
8,"random","fq1gn8j7",7,"p98","reordered_keywords_1","seahorse",0,24,"seahorse"
8,"random","fq1gn8j7",7,"p98","reordered_keywords_4","snail eyes",0,24,"snail eye"
8,"random","fq1gn8j7",9,"p98","reordered_keywords_1","sea horse",0,24,"sea horse"
8,"random","fq1gn8j7",9,"p98","reordered_keywords_4","snail eyes",0,24,"snail eye"
9,"random","fq1gn8j7",5,"p99","reordered_keywords_4","snail",0,24,"snail"
9,"random","fq1gn8j7",9,"p99","reordered_keywords_1","club",0,24,"club"
9,"random","fq1gn8j7",9,"p99","reordered_keywords_4","fallopian tubes",0,24,"fallopian tube"
1,"ws","e4n3narf",3,"p127","reordered_keywords_1","shield",1,24,"shield"
1,"ws","e4n3narf",3,"p127","reordered_keywords_4","antennae",1,24,"antenna"
1,"ws","e4n3narf",5,"p127","reordered_keywords_1","shield",1,24,"shield"
1,"ws","e4n3narf",5,"p127","reordered_keywords_4","antennae",1,24,"antenna"
1,"ws","e4n3narf",10,"p127","reordered_keywords_1","shield",1,24,"shield"
1,"ws","e4n3narf",10,"p127","reordered_keywords_4","antennae",1,24,"antenna"
2,"ws","e4n3narf",4,"p128","reordered_keywords_1","shield",1,24,"shield"
2,"ws","e4n3narf",4,"p128","reordered_keywords_4","antennae",1,24,"antenna"
2,"ws","e4n3narf",10,"p128","reordered_keywords_1","shield",1,24,"shield"
2,"ws","e4n3narf",10,"p128","reordered_keywords_4","antennae",1,24,"antenna"
3,"ws","e4n3narf",7,"p129","reordered_keywords_1","spiky mirror",0,24,"spiky mirror"
3,"ws","e4n3narf",7,"p129","reordered_keywords_4","snail heads",0,24,"snail"
3,"ws","e4n3narf",10,"p129","reordered_keywords_1","spiky mirror",0,24,"spiky mirror"
3,"ws","e4n3narf",10,"p129","reordered_keywords_4","snail heads",0,24,"snail"
4,"ws","e4n3narf",6,"p130","reordered_keywords_1","shield",1,24,"shield"
4,"ws","e4n3narf",6,"p130","reordered_keywords_4","antennae",1,24,"antenna"
4,"ws","e4n3narf",10,"p130","reordered_keywords_1","shield",1,24,"shield"
4,"ws","e4n3narf",10,"p130","reordered_keywords_4","antennae",1,24,"antenna"
5,"ws","e4n3narf",5,"p131","reordered_keywords_1","shield",1,24,"shield"
5,"ws","e4n3narf",5,"p131","reordered_keywords_4","antennae",1,24,"antenna"
5,"ws","e4n3narf",10,"p131","reordered_keywords_1","shield",1,24,"shield"
5,"ws","e4n3narf",10,"p131","reordered_keywords_4","antennae",1,24,"antenna"
6,"ws","e4n3narf",6,"p132","reordered_keywords_1","spiky mirror",0,24,"spiky mirror"
6,"ws","e4n3narf",6,"p132","reordered_keywords_4","antennae",1,24,"antenna"
6,"ws","e4n3narf",10,"p132","reordered_keywords_1","shield",1,24,"shield"
6,"ws","e4n3narf",10,"p132","reordered_keywords_4","antennae",1,24,"antenna"
7,"ws","e4n3narf",10,"p133","reordered_keywords_1","shield",1,24,"shield"
7,"ws","e4n3narf",10,"p133","reordered_keywords_4","antennae",1,24,"antenna"
8,"ws","e4n3narf",5,"p134","reordered_keywords_1","shield",1,24,"shield"
8,"ws","e4n3narf",5,"p134","reordered_keywords_4","antennae",1,24,"antenna"
8,"ws","e4n3narf",10,"p134","reordered_keywords_1","shield",1,24,"shield"
8,"ws","e4n3narf",10,"p134","reordered_keywords_4","antennae",1,24,"antenna"
9,"ws","e4n3narf",10,"p135","reordered_keywords_1","shield",1,24,"shield"
9,"ws","e4n3narf",10,"p135","reordered_keywords_4","anteanne",0,24,"anteanne"
10,"ws","e4n3narf",6,"p136","reordered_keywords_1","shield",1,24,"shield"
10,"ws","e4n3narf",6,"p136","reordered_keywords_4","antennae",1,24,"antenna"
10,"ws","e4n3narf",10,"p136","reordered_keywords_1","shield",1,24,"shield"
10,"ws","e4n3narf",10,"p136","reordered_keywords_4","antennae",1,24,"antenna"
11,"ws","e4n3narf",5,"p137","reordered_keywords_1","dragon",0,24,"dragon"
11,"ws","e4n3narf",5,"p137","reordered_keywords_4","snail",0,24,"snail"
11,"ws","e4n3narf",10,"p137","reordered_keywords_1","shield",1,24,"shield"
11,"ws","e4n3narf",10,"p137","reordered_keywords_4","antennae",1,24,"antenna"
12,"ws","e4n3narf",6,"p138","reordered_keywords_1","shield",1,24,"shield"
12,"ws","e4n3narf",6,"p138","reordered_keywords_4","antennae",1,24,"antenna"
12,"ws","e4n3narf",7,"p138","reordered_keywords_1","shield",1,24,"shield"
12,"ws","e4n3narf",7,"p138","reordered_keywords_4","antennae",1,24,"antenna"
12,"ws","e4n3narf",10,"p138","reordered_keywords_1","tie",0,24,"tie"
12,"ws","e4n3narf",10,"p138","reordered_keywords_4","heart",0,24,"heart"
13,"ws","e4n3narf",4,"p139","reordered_keywords_1","dragon head",0,24,"dragon"
13,"ws","e4n3narf",4,"p139","reordered_keywords_4","bug",0,24,"bug"
13,"ws","e4n3narf",7,"p139","reordered_keywords_1","dragon",0,24,"dragon"
13,"ws","e4n3narf",7,"p139","reordered_keywords_4","snail",0,24,"snail"
13,"ws","e4n3narf",10,"p139","reordered_keywords_1","dragon",0,24,"dragon"
13,"ws","e4n3narf",10,"p139","reordered_keywords_4","snail",0,24,"snail"
14,"ws","e4n3narf",5,"p140","reordered_keywords_1","dragon",0,24,"dragon"
14,"ws","e4n3narf",5,"p140","reordered_keywords_4","piercing",0,24,"pierce"
14,"ws","e4n3narf",6,"p140","reordered_keywords_1","shield",1,24,"shield"
14,"ws","e4n3narf",10,"p140","reordered_keywords_1","dragon",0,24,"dragon"
14,"ws","e4n3narf",10,"p140","reordered_keywords_4","antennae",1,24,"antenna"
15,"ws","e4n3narf",6,"p141","reordered_keywords_1","beak",0,24,"beak"
15,"ws","e4n3narf",6,"p141","reordered_keywords_4","swans",0,24,"swan"
15,"ws","e4n3narf",7,"p141","reordered_keywords_1","dragon",0,24,"dragon"
15,"ws","e4n3narf",7,"p141","reordered_keywords_4","shield",0,24,"shield"
15,"ws","e4n3narf",10,"p141","reordered_keywords_1","dragon",0,24,"dragon"
15,"ws","e4n3narf",10,"p141","reordered_keywords_4","piercing",0,24,"pierce"
16,"ws","e4n3narf",8,"p142","reordered_keywords_1","shield",1,24,"shield"
16,"ws","e4n3narf",8,"p142","reordered_keywords_4","snail head",0,24,"snail"
16,"ws","e4n3narf",9,"p142","reordered_keywords_1","shield",1,24,"shield"
16,"ws","e4n3narf",9,"p142","reordered_keywords_4","snails",0,24,"snail"
16,"ws","e4n3narf",10,"p142","reordered_keywords_1","shield",1,24,"shield"
16,"ws","e4n3narf",10,"p142","reordered_keywords_4","snails",0,24,"snail"
17,"ws","e4n3narf",7,"p143","reordered_keywords_1","mirror",0,24,"mirror"
17,"ws","e4n3narf",7,"p143","reordered_keywords_4","snail head",0,24,"snail"
17,"ws","e4n3narf",9,"p143","reordered_keywords_1","spook7 mirror",0,24,"spook mirror"
17,"ws","e4n3narf",9,"p143","reordered_keywords_4","antennae",1,24,"antenna"
17,"ws","e4n3narf",10,"p143","reordered_keywords_1","snails",0,24,"snail"
17,"ws","e4n3narf",10,"p143","reordered_keywords_4","antennae",1,24,"antenna"
18,"ws","e4n3narf",6,"p144","reordered_keywords_1","mirror",0,24,"mirror"
18,"ws","e4n3narf",6,"p144","reordered_keywords_4","snail heads",0,24,"snail"
18,"ws","e4n3narf",10,"p144","reordered_keywords_1","mirror",0,24,"mirror"
18,"ws","e4n3narf",10,"p144","reordered_keywords_4","snails",0,24,"snail"
19,"ws","e4n3narf",8,"p145","reordered_keywords_1","mirror",0,24,"mirror"
19,"ws","e4n3narf",8,"p145","reordered_keywords_4","antennae",1,24,"antenna"
19,"ws","e4n3narf",10,"p145","reordered_keywords_1","mirror",0,24,"mirror"
19,"ws","e4n3narf",10,"p145","reordered_keywords_4","antennae",1,24,"antenna"
